uniqueid,title,first_author,second_author,third_author,other_authors,publication_type,publication_name,publisher,indexing,quartile,citation,doi,url,ISSN,impact_factor
2022JUL1010800377206320222101552,Clinical Decision Support System for Ophthalmologists for Eye Disease Classification,V. Sivamurugan,P. Indumathi,V. Thanikachalam,R. Rajakumar,Journal,IETE JOURNAL OF RESEARCH,TAYLOR & FRANCIS LTD,"Scopus, Web of Sciences",Q2,1,10.1080/03772063.2022.2101552,http://dx.doi.org/10.1080/03772063.2022.2101552,0377-2063 0974-780X,1.5
2022JUL1032604csse2023026527,Diabetic Retinopathy Diagnosis Using Interval Neutrosophic Segmentation with Deep Learning Model,V. Thanikachalam,M. G. Kavitha,V. Sivamurugan,,Journal,Computer Systems Science and Engineering,Tech Science Press,Scopus,Q3,2,10.32604/csse.2023.026527,http://dx.doi.org/10.32604/csse.2023.026527,0267-6192,2.2
2023JUL101002dac5664,Multi-objective cluster head-based energy aware routing using optimized auto-metric graph neural network for secured data aggregation in Wireless Sensor Network,Ashwinth Janarthanan,Vidhusha Srinivasan,,,Journal,International Journal of Communication Systems,Wiley,Web of Sciences,Q2,4,10.1002/dac.5664,http://dx.doi.org/10.1002/dac.5664,1074-5351 1099-1131,2.1
2023JUL101002dac5675,Cycle-Consistent Generative Adversarial Network and Crypto Hash Signature Token-based Block chain Technology for Data Aggregation with Secured Routing in Wireless Sensor Networks,Ashwinth Janarthanan,Vidhusha Vidhusha,,,Journal,International Journal of Communication Systems,Wiley,Web of Sciences,Q2,1,10.1002/dac.5675,http://dx.doi.org/10.1002/dac.5675,1074-5351 1099-1131,2.1
2023JUL101007s11042023179301,"An efficient Moving object, Encryption, Compression and Interpolation technique for video steganography",R. Roselinkiruba,T. Sree Sharmila,J. K. Josephine Julina,,Journal,Multimedia Tools and Applications,Springer Science and Business Media LLC,"Scopus, Web of Sciences",Q1,1,10.1007/s11042-023-17930-1,http://dx.doi.org/10.1007/s11042-023-17930-1,1573-7721,3.6
2023JUL101007s11063023114003,Cascaded UNets with Modified Skip Connection for Breast Tumor Segmentation,S. Dhivya,S. Mohanavalli,K. B. Sundharakumar,I. Thamarai,Journal,NEURAL PROCESSING LETTERS,SPRINGER,"Scopus, Web of Sciences",Q2,0,10.1007/s11063-023-11400-3,http://dx.doi.org/10.1007/s11063-023-11400-3,1370-4621 1573-773X,3.1
2023JUL101007s1146802301914w,A Miniaturized Penta-band Metamaterial THz Absorber for Sensing and Imaging Applications,Swathika Rengasamy,Radha Natarajan,Vishvaksenan Kuttathati Srinivasan,,Journal,Plasmonics,Springer Science and Business Media LLC,"Scopus, Web of Sciences",Q3,1,10.1007/s11468-023-01914-w,http://dx.doi.org/10.1007/s11468-023-01914-w,1557-1955 1557-1963,3
2023JUL101016jegyr202308005,AI-enabled metaheuristic optimization for predictive management of renewable energy production in smart grids,S Sankarananth,M Karthiga,E Suganya,"S Sountharrajan, Durga Prasad Bavirisetti",Journal,ENERGY REPORTS,ELSEVIER,"Scopus, Web of Sciences",Q2,17,10.1016/j.egyr.2023.08.005,http://dx.doi.org/10.1016/j.egyr.2023.08.005,2352-4847,5.2
2023JUL101016jenergy2023129992,Categorization of Indian residential consumers electrical energy consumption pattern using clustering and classification techniques,Somasundaram Palaniappan,Sundararaju Karuppannan,Durgadevi Velusamy,,Journal,ENERGY,PERGAMON-ELSEVIER SCIENCE LTD,"Scopus, Web of Sciences",Q1,1,10.1016/j.energy.2023.129992,http://dx.doi.org/10.1016/j.energy.2023.129992,0360-5442,9
2023JUL101016jprocs202403221,Deep Learning based Pulmonary Embolism Detection using Convolutional Feature Maps of CT Pulmonary Angiography Images,Sanjana Sukumar,A. Harish,A. Shahina,"Sanjana B, A. Nayeemulla Khan",Journal,Procedia Computer Science,Elsevier BV,"Scopus, Web of Sciences",,0,10.1016/j.procs.2024.03.221,http://dx.doi.org/10.1016/j.procs.2024.03.221,1877-0509,
2023JUL1010800377206320232234854,Event-Based Epileptic Seizure Detection with Stacked Convolutional Restricted Boltzmann Machine,Visalini K.,Saravanan Alagarsamy,Nagarajan D.,,Journal,IETE JOURNAL OF RESEARCH,TAYLOR & FRANCIS LTD,"Scopus, Web of Sciences",Q2,0,10.1080/03772063.2023.2234854,http://dx.doi.org/10.1080/03772063.2023.2234854,0377-2063 0974-780X,1.5
2023JUL1010800739110220242314269,A novel deep learning model for diabetic retinopathy detection in retinal fundus images using pre-trained CNN and HWBLSTM,S. V. Hemanth,Saravanan Alagarsamy,T. Dhiliphan Rajkumar,,Journal,Journal of Biomolecular Structure and Dynamics,TAYLOR & FRANCIS LTD,"Scopus, Web of Sciences",Q2,0,10.1080/07391102.2024.2314269,http://dx.doi.org/10.1080/07391102.2024.2314269,0739-1102 1538-0254,4.4
2023JUL1011111460698412973,Cognitive decline assessment using semantic linguistic content and transformer deep learning architecture,Rini PL,Gayathri KS,,,Journal,INTERNATIONAL JOURNAL OF LANGUAGE & COMMUNICATION DISORDERS,WILEY,"Scopus, Web of Sciences",Q1,1,10.1111/1460-6984.12973,http://dx.doi.org/10.1111/1460-6984.12973,1368-2822 1460-6984,2.4
2023JUL1012785ijcds140133,Analysis on the Impact of Lombard Effect on Speech Emotions using Machine Learning,Indirapriyadarshini A,Mahima S,Shahina A,"Uma Maheswari, Nayeemulla Khan",Journal,International Journal of Computing and Digital Systems,Deanship of Scientific Research,Scopus,,0,10.12785/ijcds/140133,http://dx.doi.org/10.12785/ijcds/140133,2210-142X,
2023JUL102298gensr2303983s,Enhanced retinal image captioning system for identifying and differentiating severity levels of diabetic retinopathy,V. Sivamurugan,K.R. Uthayan,V. Thanikachalam,,Journal,Genetika,National Library of Serbia,"Scopus, Web of Sciences",Q3,0,10.2298/gensr2303983s,http://dx.doi.org/10.2298/gensr2303983s,0534-0012 1820-6069,0.753
2023JUL1030955gnj005139,Urban Environmental Flood Susceptibility Using a Multi-Layered Neural Network Model From Satellite Imagery Sources,Swathika R,Radha. N,Sasirekha. S.P,Dhanabal. S.,Journal,GLOBAL NEST JOURNAL,GLOBAL NETWORK ENVIRONMENTAL SCIENCE & TECHNOLOGY,"Scopus, Web of Sciences",Q3,0,10.30955/gnj.005139,http://dx.doi.org/10.30955/gnj.005139,1790-7632 2241-777X,0.3
2023JUL1030955gnj005598,An Automated Graph-Based Neural Network Model for Predicting Urban Environmental Air Quality Using Spatio-Temporal Data Optimization,Yogapriya J.,Deepa S.,Radha N.,Madhumitha E.,Journal,Global NEST: the international Journal,GLOBAL NETWORK ENVIRONMENTAL SCIENCE & TECHNOLOGY,"Scopus, Web of Sciences",Q3,0,10.30955/gnj.005598,http://dx.doi.org/10.30955/gnj.005598,1790-7632 2241-777X,1.8
2023JUL103233jifs222136,Automated carcinoma classification using efficient nuclei-based patch selection and deep learning techniques,S. Dhivya,S. Mohanavalli,S. Kavitha,,Journal,JOURNAL OF INTELLIGENT & FUZZY SYSTEMS,IOS PRESS,"Scopus, Web of Sciences",Q2,1,10.3233/jifs-222136,http://dx.doi.org/10.3233/jifs-222136,1064-1246 1875-8967,2
2023JUL103233jifs223980,Fake news detection using a deep learning transformer based encoder-decoder architecture,M. Badri Narayanan,Arun Kumar Ramesh,K.S. Gayathri,A. Shahina,Journal,JOURNAL OF INTELLIGENT & FUZZY SYSTEMS,IOS PRESS,"Scopus, Web of Sciences",Q2,0,10.3233/jifs-223980,http://dx.doi.org/10.3233/jifs-223980,1064-1246 1875-8967,2
2023JUL103233jifs235130,Service application model design for users using fuzzy semantic ontology model in cloud computing,V. Arulkumar,A. Sandana Karuppan,Sini Anna Alex,R. Lathamanju,Journal,Journal of Intelligent & Fuzzy Systems,IOS Press,"Scopus, Web of Sciences",Q2,0,10.3233/jifs-235130,http://dx.doi.org/10.3233/jifs-235130,1064-1246 1875-8967,2
2023JUL103389frai20241269366,ProTect: a hybrid deep learning model for proactive detection of cyberbullying on social media,T. Nitya Harshitha,M. Prabu,E. Suganya,"S. Sountharrajan, Durga Prasad Bavirisetti, Navya Gadde, Lakshmi Sahithi Uppu",Journal,Frontiers in Artificial Intelligence,Frontiers Media SA,"Scopus, Web of Sciences",Q2,1,10.3389/frai.2024.1269366,http://dx.doi.org/10.3389/frai.2024.1269366,2624-8212,4
2023JULbYbMdCM,IoT Sensor Data Retrieval and Analysis in Cloud Environments for Enhanced Power Management,V. Arulkumar,F. Kavin,D. Arul Kumar,Bharathiraja Nagu,Journal,Journal of Advanced Research in Applied Sciences and Engineering Technology,Semarak Ilmu Publishing,Scopus,Q2,1,10.37934/araset.38.1.7788,https://doi.org/10.37934/araset.38.1.7788,2462-1943,
2023JULibVCxHz,An Extensive Study of Different Types of Leukemia using Image Processing Techniques,M. Abirami,Revathy S.,Swathika R.,"K. C. Rajheshwari, T. A. Mohanaprakash",Journal,International Journal of Intelligent Systems and Applications in Engineering,Auricle Global Society of Education and Research,Scopus,Q4,0,,https://ijisae.org/index.php/IJISAE/article/view/4411,2147-6799,
2022JUL101007s00500023086887,Classification of inter-patient's cardiac arrhythmias in ECG signals with enhanced Jaya optimized TQWT parameters and stacked ensemble algorithm,Karthikeyan Ramasamy,Kiruthika Balakrishnan,Durgadevi Velusamy,,Journal,SOFT COMPUTING,SPRINGER,"Scopus, Web of Sciences",Q2,1,10.1007/s00500-023-08688-7,http://dx.doi.org/10.1007/s00500-023-08688-7,1432-7643 1433-7479,4.1
2022JUL101007s11042022129821,Optimum anamorphic image generation using image rotation and relative entropy,L. K. Pavithra,R. Srinivasan,T. Sree Sharmila,,Journal,MULTIMEDIA TOOLS AND APPLICATIONS,SPRINGER,"Scopus, Web of Sciences",Q1,0,10.1007/s11042-022-12982-1,http://dx.doi.org/10.1007/s11042-022-12982-1,1380-7501 1573-7721,3.6
2022JUL101007s11042022138473,Classification of skin cancer from dermoscopic images using deep neural network architectures,Jaisakthi S M,Mirunalini P,Chandrabose Aravindan,Rajagopal Appavu,Journal,MULTIMEDIA TOOLS AND APPLICATIONS,SPRINGER,"Scopus, Web of Sciences",Q1,53,10.1007/s11042-022-13847-3,http://dx.doi.org/10.1007/s11042-022-13847-3,1380-7501 1573-7721,3.6
2022JUL101007s1127602002504y,An adaboost-modified classifier using particle swarm optimization and stochastic diffusion search in wireless IoT networks,E. Suganya,C. Rajan,,,Journal,WIRELESS NETWORKS,SPRINGER,"Scopus, Web of Sciences",Q2,12,10.1007/s11276-020-02504-y,http://dx.doi.org/10.1007/s11276-020-02504-y,1022-0038 1572-8196,3
2022JUL101007s11468023017931,"Miniaturized Multi-Spectral Perfect Metamaterial Absorber for THz Sensing, Imaging and Spectroscopic Applications",Swathika Rengasamy,Radha Natarajan,Vishvaksenan Kuttathati Srinivasan,,Journal,Plasmonics,Springer Science and Business Media LLC,"Scopus, Web of Sciences",Q3,4,10.1007/s11468-023-01793-1,http://dx.doi.org/10.1007/s11468-023-01793-1,1557-1955 1557-1963,3
2022JUL101007s12652022044883,Optimizing high-utility item mining using hybrid dolphin echolocation and Boolean grey wolf optimization,N. Pazhaniraja,S. Sountharrajan,E. Suganya,M. Karthiga,Journal,Journal of Ambient Intelligence and Humanized Computing,Springer Verlag,Scopus,Q1,5,10.1007/s12652-022-04488-3,http://dx.doi.org/10.1007/s12652-022-04488-3,1868-5137 1868-5145,3.662
2022JUL1010800005114420232218164,Assessment and classification of grid stability with cost-sensitive stacked ensemble classifier,Karthikeyan Ramasamy,Arivoli Sundaramurthy,Durgadevi Velusamy,,Journal,AUTOMATIKA,TAYLOR & FRANCIS LTD,"Scopus, Web of Sciences",Q2,2,10.1080/00051144.2023.2218164,http://dx.doi.org/10.1080/00051144.2023.2218164,0005-1144 1848-3380,1.79
2022JUL10108814024896ac9dcd,Impact of process-induced ellipticity on the RESET process of cylindrical phase change memory devices,Suresh Durai,K C Chandini Devi,Srinivasan Raj,Anbarasu Manivannan,Journal,PHYSICA SCRIPTA,IOP PUBLISHING LTD,"Scopus, Web of Sciences",Q2,0,10.1088/1402-4896/ac9dcd,http://dx.doi.org/10.1088/1402-4896/ac9dcd,0031-8949 1402-4896,2.9
2022JUL101093comjnlbxaa027,Will I Regret for This Tweet?'--Twitter User's Behavior Analysis System for Private Data Disclosure,R Geetha,S Karthika,Ponnurangam Kumaraguru,,Journal,COMPUTER JOURNAL,OXFORD UNIV PRESS,"Scopus, Web of Sciences",Q2,7,10.1093/comjnl/bxaa027,http://dx.doi.org/10.1093/comjnl/bxaa027,0010-4620 1460-2067,1.762
2022JUL101142s0218126622400084,Reconfigurable FET-Based Tunable Ring Oscillator and Its Single Event Effect Performance,G. Durga Jayakumar,Susanta Kumar Pal,R. Srinivasan,,Journal,JOURNAL OF CIRCUITS SYSTEMS AND COMPUTERS,WORLD SCIENTIFIC PUBL CO PTE LTD,"Scopus, Web of Sciences",Q3,1,10.1142/s0218126622400084,http://dx.doi.org/10.1142/s0218126622400084,0218-1266 1793-6454,1.278
2022JUL1014429dsj7217207,A Distance Vector Hop and Differential Evolution based Interception Strategy for detecting Cross Border Infiltration in Underground Tunnel,S. Venkatesh,N. Bhalaji,,,Journal,DEFENCE SCIENCE JOURNAL,DEFENCE SCIENTIFIC INFORMATION DOCUMENTATION CENTRE,"Scopus, Web of Sciences",Q2,1,10.14429/dsj.72.17207,http://dx.doi.org/10.14429/dsj.72.17207,0011-748X 0976-464X ,0.667
2022JUL1014704NQ20222011NQ66314,Measuring the accuracy of Satellite Image Dataset using Fusion based Classification with Neural Networks,"Swathika, R","Radha, N",,,Journal,Neuroquantology, Anka Publishers,"Scopus, Web of Sciences",,0,10.14704/NQ.2022.20.11.NQ66314,https://www.proquest.com/openview/b3930831cd7a292046c55a44e938de9c/1?pq-origsite=gscholar&cbl=2035897,"2053-1583 2053-1583",6.861
2022JUL101504ijbet202210047886,A hybrid approach for analysis of brain lateralisation in autistic children using graph theory techniques and deep belief networks,Kavitha Anandan,Hualou Liang,Vidhusha Srinivasan,N. Udayakumar,Journal,International Journal of Biomedical Engineering and Technology,Inderscience Enterprises Ltd,Scopus,Q4,2,10.1504/ijbet.2022.10047886,http://dx.doi.org/10.1504/ijbet.2022.10047886,1752-6418 1752-6426,1.1
2022JUL1032604csse2023028136,Efficient Authentication System Using Wavelet Embeddings of Otoacoustic Emission Signals,V. Harshini,T. Dhanwin,A. Shahina,"N. Safiyyah, A. Nayeemulla Khan",Journal,Computer Systems Science and Engineering,Tech Science Press,Scopus,Q3,1,10.32604/csse.2023.028136,http://dx.doi.org/10.32604/csse.2023.028136,0267-6192,2.2
2022JUL1032604iasc2022024173,Enhanced Distributed Storage System Using Lower Triangular Matrix-Luby Transform Codes,Joe Louis Paul Ignatius,Sasirekha Selvakumar,,,Journal,Intelligent Automation and Soft Computing,Tech Science Press,"Scopus, Web of Sciences",Q3,0,10.32604/iasc.2022.024173,http://dx.doi.org/10.32604/iasc.2022.024173,1079-8587,2
2022JUL1032604iasc2023034381,Federated Blockchain Model for Cyber Intrusion Analysis in Smart Grid Networks,N. Sundareswaran,S. Sasirekha,,,Journal,Intelligent Automation and Soft Computing,Tech Science Press,"Scopus, Web of Sciences",Q3,0,10.32604/iasc.2023.034381,http://dx.doi.org/10.32604/iasc.2023.034381,1079-8587,2
2022JUL1033436v32i4y202208,Blockchain based system for transfer of funds through an e-Governance application,Jansi Rani SELLA VELUSWAMI,Yamini LAKSHMI NARSIMHAN,Shivaani KRISHNAKUMAR,Radha NATARAJAN,Journal,Romanian Journal of Information Technology & Automatic Control,ICI Bucharest,,,1,10.33436/v32i4y202208,http://dx.doi.org/10.33436/v32i4y202208,1220-1758 1841-4303,
2022JUL103837tiis202212005,RDNN: Rumor Detection Neural Network for Veracity Analysis in Social Media Text,SuthanthiraDevi P,Karthika S,,,Journal,KSII TRANSACTIONS ON INTERNET AND INFORMATION SYSTEMS,KSII-KOR SOC INTERNET INFORMATION,"Scopus, Web of Sciences",Q3,1,10.3837/tiis.2022.12.005,http://dx.doi.org/10.3837/tiis.2022.12.005,1976-7277,0.972
2022JUL1047750pnr20221304006,Alzheimer's Dementia: Diagnosis and Prognosis using Neuro-Imaging Analysis,Sountharrajan S,Karthiga M,Suganya E,Rajan,Journal,Journal of Pharmaceutical Negative Results,Medknow Publications and Media Pvt. Ltd,,,3,10.47750/pnr.2022.13.04.006,http://dx.doi.org/10.47750/pnr.2022.13.04.006,,
2022JUL1047750pnr20221304009,Identification and Diagnosis of Breast Cancer using a Composite Machine Learning Techniques,Prabu Kanna,Abinash M J,Suganya E S,"Sountharrajan S, Bhuvaneswari R, K Geetha",Journal,Journal of Pharmaceutical Negative Results,Medknow Publications and Media Pvt. Ltd,,,7,10.47750/pnr.2022.13.04.009,http://dx.doi.org/10.47750/pnr.2022.13.04.009,,
2022JUL1048047intjecseV14I8401,Cow Disease (LSD) Classification System for predicting different Severity levels.,V.Sivamurugan,K.R. Uthayan,V. Thanikachalam,,Journal,International Journal of Early Childhood Special Education,"Anadolu University, Faculty of Education",Scopus,,0,10.48047/intjecse/V14I8.401,https://www.int-jecse.net/media/article_pdfs/LSD_JOURNAL_PAPER_1.pdf,1308-5581,5.71
2022JUL105755j01itc52131520,A Neutrosophic Set Approach on Chest X-rays for Automatic Lung Infection Detection,J. Sofia Jennifer,T. Sree Sharmila,,,Journal,INFORMATION TECHNOLOGY AND CONTROL,KAUNAS UNIV TECHNOLOGY,"Scopus, Web of Sciences",Q2,10,10.5755/j01.itc.52.1.31520,http://dx.doi.org/10.5755/j01.itc.52.1.31520,2335-884X 1392-124X,1.1
2022JULGMIjziP,Privacy Protected IoT-Blockchain using ZKP for Healthcare application,Yugha R,S. Chithra,N. Bhalaji,S. Karthika,Journal,Journal of Control Engineering and Applied Informatics,Romanian Society of Control Engineering and Technical Informatics coordination,"Scopus, Web of Sciences",,1,,,,
2022JULMszKtVY,An Enhanced and Efficient Permission Manager for Android Automotives,V.Sivamurugan,K.R. Uthayan,,,Journal,International Journal of Early Childhood Special Education,"Anadolu University, Faculty of Education",Scopus,,0,,https://www.int-jecse.net/media/article_pdfs/JOURNAL_PAPER_1.pdf,,5.71
2022JULURXfdrX,A neutrosophic approach for glaucoma detection in retinal Images,J. Sofia Jennifer,T. Sree Sharmila,,,Journal,"Proceedings of The Romanian Academy, Series A",Publishing House of Romanian Academy,"Scopus, Web of Sciences",Q3,1,,https://acad.ro/sectii2002/proceedings/doc2022-4/proc_pag2022_n04.htm,,0.734
2023JUL101002cpe7769,Hybrid intelligent intrusion detection system for multiple Wi-Fi attacks in wireless networks using stacked restricted Boltzmann machine and deep belief networks,Nivaashini Mathappan,Suganya Elavarasan,Sountharrajan Sehar,,Journal,CONCURRENCY AND COMPUTATION-PRACTICE &amp; EXPERIENCE,WILEY,"Scopus, Web of Sciences",Q1,1,10.1002/cpe.7769,http://dx.doi.org/10.1002/cpe.7769,1532-0626 1532-0634,
2023JUL101016jmicrorel2023114930,Single event performance of FED based SRAMs using numerical simulation,Sasikala PanneerSelvam,Susanta Kumar Pal,Premanand Venkatesh Chandramani,Srinivasan Raj,Journal,MICROELECTRONICS RELIABILITY,PERGAMON-ELSEVIER SCIENCE LTD,"Scopus, Web of Sciences",Q2,2,10.1016/j.microrel.2023.114930,http://dx.doi.org/10.1016/j.microrel.2023.114930,0026-2714,
2023JUL1032604iasc2023024820,Hybrid Convolutional Neural Network for Plant Diseases Prediction,S. Poornima,N. Sripriya,Adel Fahad Alrasheedi,"S. S. Askar, Mohamed Abouhawwash",Journal,Intelligent Automation and Soft Computing,Tech Science Press,Scopus,Q2,2,10.32604/iasc.2023.024820,http://dx.doi.org/10.32604/iasc.2023.024820,1079-8587,
2015JUL1010800883951420212001176,Texture Image Classification and Retrieval Using Multi-resolution Radial Gradient Binary Pattern,Latha Kumaresan Pavithra,Thangaswamy Sree Sharmila,P Subbulakshmi,,Journal,APPLIED ARTIFICIAL INTELLIGENCE,TAYLOR &amp; FRANCIS INC,"Scopus, Web of Sciences",Q3,5,10.1080/08839514.2021.2001176,http://dx.doi.org/10.1080/08839514.2021.2001176,0883-9514 1087-6545,
2015JUL10242050327671620226003,A Layer-Wise Relevance Propagation Based Feature Selection and Hybid Classification Model for Automatic Detection of Parkinson's Disease Using Gait Signals,Swathika R,Radha N,,,Journal,Revista Argentina de Clinica Psicologica,Fundacion Aigle,Scopus,,0,10.24205/03276716.2022.6003,https://www.revistaclinicapsicologica.com/data-cms/articles/20221220023924pm6003.pdf,3276716,0.508
2015JUL103233jifs210540,Veracity assessment by single and multi-source identification algorithms during the crisis,P. Suthanthiradevi,S. Karthika,,,Journal,JOURNAL OF INTELLIGENT & FUZZY SYSTEMS,IOS PRESS,"Scopus, Web of Sciences",Q2,1,10.3233/jifs-210540,http://dx.doi.org/10.3233/jifs-210540,1064-1246 1875-8967,2
2021JUL101002dac4941,Metamaterial-loaded multiband antenna for embedded automotive Internet-of-Things communications,Malathy E M,Thanikachalam V,Ruby D,Manikandan N,Journal,INTERNATIONAL JOURNAL OF COMMUNICATION SYSTEMS,WILEY,"Scopus, Web of Sciences",Q2,6,10.1002/dac.4941,http://dx.doi.org/10.1002/dac.4941,1074-5351 1099-1131,2.1
2021JUL101007s00371021023121,A novel data hiding by image interpolation using edge quad-tree block complexity,R. RoselinKiruba,T. Sree Sharmila,,,Journal,VISUAL COMPUTER,SPRINGER,"Scopus, Web of Sciences",Q2,11,10.1007/s00371-021-02312-1,http://dx.doi.org/10.1007/s00371-021-02312-1,0178-2789 1432-2315,3.5
2021JUL101007s10115021015922,Tweet-scan-post: a system for analysis of sensitive private data disclosure in online social media,R. Geetha,S. Karthika,Ponnurangam Kumaraguru,,Journal,KNOWLEDGE AND INFORMATION SYSTEMS,SPRINGER LONDON LTD,"Scopus, Web of Sciences",Q1,8,10.1007/s10115-021-01592-2,http://dx.doi.org/10.1007/s10115-021-01592-2,0219-1377 0219-3116,2.7
2021JUL101007s1077202109888y,A deep learning approach for robust speaker identification using chroma energy normalized statistics and mel frequency cepstral coefficients,J. V. Thomas Abraham,A. Nayeemulla Khan,A. Shahina,,Journal,International Journal of Speech Technology,Springer Netherlands,Scopus,Q1,9,10.1007/s10772-021-09888-y,http://dx.doi.org/10.1007/s10772-021-09888-y,1381-2416 1572-8110,
2021JUL101007s11063021105462,EarNet: Biometric Embeddings for End to End Person Authentication System Using Transient Evoked Otoacoustic Emission Signals,Akshath Varugeese,A. Shahina,Khadar Nawas,A. Nayeemulla Khan,Journal,NEURAL PROCESSING LETTERS,SPRINGER,"Scopus, Web of Sciences",Q2,3,10.1007/s11063-021-10546-2,http://dx.doi.org/10.1007/s11063-021-10546-2,1370-4621 1573-773X,3.1
2021JUL101007s1127702007907w,Blockchain Based Chameleon Hashing Technique for Privacy Preservation in E-Governance System,M. V. Ranjith Kumar,N. Bhalaji,,,Journal,WIRELESS PERSONAL COMMUNICATIONS,SPRINGER,"Scopus, Web of Sciences",Q2,33,10.1007/s11277-020-07907-w,http://dx.doi.org/10.1007/s11277-020-07907-w,0929-6212 1572-834X,2.2
2021JUL101007s1127702108934x,Hybrid Bird Swarm Optimized Quasi Affine Algorithm Based Node Location in Wireless Sensor Networks,E. M. Malathy,Mythili Asaithambi,Alagu Dheeraj,Kannan Arputharaj,Journal,WIRELESS PERSONAL COMMUNICATIONS,SPRINGER,"Scopus, Web of Sciences",Q2,9,10.1007/s11277-021-08934-x,http://dx.doi.org/10.1007/s11277-021-08934-x,0929-6212 1572-834X,2.2
2021JUL101007s4187002100774z,Performance evaluation of encryption algorithm using fruit fly optimization improved hybridized seeker and PVD algorithm,R. Roselinkiruba,T. Sree Sharmila,,,Journal,International Journal of Information Technology (Singapore),Springer Science + Business Media,Scopus,Q2,12,10.1007/s41870-021-00774-z,http://dx.doi.org/10.1007/s41870-021-00774-z,2511-2104 2511-2112,
2021JUL101016jbspc2021103278,Reconstructed phase space portraits for detecting brain diseases using deep learning,N. Ilakiyaselvan,A. Nayeemulla Khan,A. Shahina,,Journal,BIOMEDICAL SIGNAL PROCESSING AND CONTROL,ELSEVIER SCI LTD,"Scopus, Web of Sciences",Q1,6,10.1016/j.bspc.2021.103278,http://dx.doi.org/10.1016/j.bspc.2021.103278,1746-8094,5.1
2021JUL101093comjnlbxab118,Rumor Identification and Verification for Text in Social Media Content,P Suthanthira Devi,S Karthika,,,Journal,COMPUTER JOURNAL,OXFORD UNIV PRESS,"Scopus, Web of Sciences",Q2,4,10.1093/comjnl/bxab118,http://dx.doi.org/10.1093/comjnl/bxab118,0010-4620 1460-2067,1.4
2021JUL101142s0219477522500080,Enhancing Speech Quality Using Artificial Bandwidth Expansion with Deep Shallow Convolution Neural Network Framework,N. Radha,R. B. Jananie,A. Anto Silviya,,Journal,FLUCTUATION AND NOISE LETTERS,WORLD SCIENTIFIC PUBL CO PTE LTD,"Scopus, Web of Sciences",Q3,4,10.1142/s0219477522500080,http://dx.doi.org/10.1142/s0219477522500080,0219-4775 1793-6780,
2021JUL102298gensr2103297u,Optimised feature selection for early cancer detection,K.R. Uthayan,S. Mohanavalli,B. Nivetha,S. Dhivya,Journal,Genetika,Drustvo Geneticara Srbije,Scopus,Q3,2,10.2298/gensr2103297u,http://dx.doi.org/10.2298/gensr2103297u,0534-0012 1820-6069,
2021JUL10242050327671620215020,Recognition of hand signs based on geometrical features using machine learning and deep learning approaches,Kulandai Josephine Julina Joseph,Sree Sharmila Thangaswamy,,,Journal,Revista Argentina de Clinica Psicologica,Fundacion Aigle,Scopus,,1,10.24205/03276716.2021.5020,https://www.revistaclinicapsicologica.com/data-cms/articles/20220312093540pmSSCI-708.pdf,3276716,0.508
2021JUL1032604cmc2022020965,Intelligent Deep Learning Based Disease Diagnosis Using Biomedical Tongue Images,V. Thanikachalam,S. Shanthi,K. Kalirajan,"Sayed Abdel-Khalek, Mohamed Omri, Lotfi M. Ladhar",Journal,CMC-COMPUTERS MATERIALS &CONTINUA,TECH SCIENCE PRESS,"Scopus, Web of Sciences",Q2,6,10.32604/cmc.2022.020965,http://dx.doi.org/10.32604/cmc.2022.020965,1546-2226,3.1
2021JUL1032604cmc2022021300,IoT-Cloud Empowered Aerial Scene Classification for Unmanned Aerial Vehicles,K. R. Uthayan,G. Lakshmi Vara Prasad,V. Mohan,"C. Bharatiraja, Irina V. Pustokhina, Denis A. Pustokhin, Vicente GarcQian DQian z",Journal,CMC-COMPUTERS MATERIALS & CONTINUA,TECH SCIENCE PRESS,"Scopus, Web of Sciences",Q2,1,10.32604/cmc.2022.021300,http://dx.doi.org/10.32604/cmc.2022.021300,1546-2226,3.1
2021JUL1032604iasc2022022021,End-to-End Speech Recognition of Tamil Language,Mohamed Hashim Changrampadi,A. Shahina,M. Badri Narayanan,A. Nayeemulla Khan,Journal,Intelligent Automation and Soft Computing,Tech Science Press,Scopus,Q3,19,10.32604/iasc.2022.022021,http://dx.doi.org/10.32604/iasc.2022.022021,1079-8587,2
2021JUL1035940ijiteeB82291210220,Parkinson's Disease Detection using Machine Learning Techniques,Radha N,Sachin Madhavan RM,Sameera holy S,,Journal,Revista Argentina de Clinica Psicologica,Raffles Connect PTE LTD,Scopus,,11,10.35940/ijitee.B8229.1210220,https://www.revistaclinicapsicologica.com/archivesarticle.php?id=494,0327-6716 1851-7951,0.508
2021JUL103934mbe2021309,Fruit-Fly optimization-based feature integration in image retrieval,Pavithra Latha Kumaresan,Subbulakshmi Pasupathi,Sindhia Lingaswamy,"Sree Sharmila Thangaswamy, Vimal Shunmuganathan and Danilo Pelusi",Journal,MATHEMATICAL BIOSCIENCES AND ENGINEERING,AMER INST MATHEMATICAL SCIENCES-AIMS,"Scopus, Web of Sciences",Q2,1,10.3934/mbe.2021309,http://dx.doi.org/10.3934/mbe.2021309,1551-0018,2.194
2021JUL105565revelcvia1360,Underwater Acoustic Image Denoising Using Stationary Wavelet Transform and Various Shrinkage Functions,Priyadharsini Ravisankar,,,,Journal,Electronic Letters on Computer Vision and Image Analysis,Centre de Visio per Computador,Scopus,Q3,3,10.5565/rev/elcvia.1360,http://dx.doi.org/10.5565/rev/elcvia.1360,1577-5097,
2022JUL101002cpe7109,An efficient hand gesture recognition based on optimal deep embedded hybrid convolutional neural network-long short term memory network model,Gajalakshmi Palanisamy,Sree Sharmila Thangaswamy,,,Journal,CONCURRENCY AND COMPUTATION-PRACTICE & EXPERIENCE,WILEY,"Scopus, Web of Sciences",Q2,5,10.1002/cpe.7109,http://dx.doi.org/10.1002/cpe.7109,1532-0626 1532-0634,1.831
2022JUL101007s11042021116082,Epileptic seizure detection using convolutional neural networks and recurrence plots of EEG signals,Sriya Ravi,Shreenidhi S,A. Shahina,A. Nayeemulla Khan,Journal,MULTIMEDIA TOOLS AND APPLICATIONS,SPRINGER,"Scopus, Web of Sciences",Q2,6,10.1007/s11042-021-11608-2,http://dx.doi.org/10.1007/s11042-021-11608-2,1380-7501 1573-7721,3.6
2022JUL101016jmatpr202203537,A new multi-stream approach using acoustic and visual features for robust speech recognition system,N. Radha,A. Shahina,A. Nayeemulla Khan,Jansi Rani Sella Velusami,Journal,Materials Today: Proceedings,Elsevier BV,Scopus,Q3,1,10.1016/j.matpr.2022.03.537,http://dx.doi.org/10.1016/j.matpr.2022.03.537,2214-7853,
2022JUL101016jmatpr202204996,A multimodal Lombard speech recognition system for the confusable Hindi syllabic units,S. Uma Maheswari,N. Radha,A. Shahina,"P. Prabha, B.T. Preethi Sri, A. Nayeemulla Khan",Journal,Materials Today: Proceedings,Elsevier BV,Scopus,Q3,1,10.1016/j.matpr.2022.04.996,http://dx.doi.org/10.1016/j.matpr.2022.04.996,2214-7853,
2022JUL101142s0219455422501280,An Effective Crack Identification in Civil Infrastructure with IoT and Improved Convolutional Neural Network,S. Yoganand,S. Chithra,,,Journal,INTERNATIONAL JOURNAL OF STRUCTURAL STABILITY AND DYNAMICS,WORLD SCIENTIFIC PUBL CO PTE LTD,"Scopus, Web of Sciences",Q2,1,10.1142/s0219455422501280,http://dx.doi.org/10.1142/s0219455422501280,0219-4554 1793-6764,
2022JUL1014704nq2022208NQ44244,Neutrosophic Approach of Segmentation on Thermal Images - Case Study: Drowsy Driving Application,Sofia Jennifer J,Sree Sharmila T,,,Journal,NeuroQuantologyÃƒâ€šÃ‚&nbsp;,Anka Publishers,Scopus,Q4,237,10.14704/nq.2022.20.8.NQ44244,https://www.proquest.com/openview/3c6cb976311ef4cabe11d4cf24c4e887/1?pq-origsite=gscholar&cbl=2035897,13035150,
2022JUL1024425aoa2022141655,An Efficient Edge Preserving Interpolation Method for Underwater Acoustic Image Resolution Enhancement,R. Priyadharsini,T. Sree Sharmila,,,Journal,ARCHIVES OF ACOUSTICS,"POLSKA AKAD NAUK, POLISH ACAD SCIENCES, INST FUNDAMENTAL TECH RES PAS","Scopus, Web of Sciences",Q4,0,10.24425/aoa.2022.141655,http://dx.doi.org/10.24425/aoa.2022.141655,0137-5075 2300-262X,
2022JUL1032604csse2023024441,Design of Hierarchical Classifier to Improve Speech Emotion Recognition,P. Vasuki,Aravindan C,,none,Journal,Computer Systems Science and Engineering,Tech Science Press,Scopus,Q2,2,10.32604/csse.2023.024441,http://dx.doi.org/10.32604/csse.2023.024441,0267-6192,
2022JUL1032604csse2023025195,Histogram Matched Chest X-Rays Based Tuberculosis Detection Using CNN,Joe Louis Paul Ignatius,Sasirekha Selvakumar,Kavin Gabriel Joe Louis Paul,"Aadhithya B. Kailash, S. Keertivaas, S. A. J. Akarvin Raja Prajan",Journal,Computer Systems Science and Engineering,Tech Science Press,Scopus,Q1,7,10.32604/csse.2023.025195,http://dx.doi.org/10.32604/csse.2023.025195,0267-6192,
2022JUL104018IJeC30403,A Hybrid PSO-ACO Algorithm to Facilitate Software Project Scheduling,Praveen Joe I. R.,Malathy E. M.,Aishwarya S.,"Akila R., Akshaya A",Journal,International Journal of e-Collaboration,IGI Publishing,Scopus,Q4,4,10.4018/IJeC.30403,https://www.igi-global.com/article/a-hybrid-pso-aco-algorithm-to-facilitate-software-project-scheduling/304039,15483681,
2022JUL105755j01itc51129467,Data Analytics and Reporting API - A Reliable Tool for Data Visualization and Predictive Analysis,Joe Louis Paul Ignatius,Sasirekha Selvakumar,Spandana JSN,Subasri Govindarajan,Journal,INFORMATION TECHNOLOGY AND CONTROL,KAUNAS UNIV TECHNOLOGY,"Scopus, Web of Sciences",Q4,2,10.5755/j01.itc.51.1.29467,http://dx.doi.org/10.5755/j01.itc.51.1.29467,2335-884X 1392-124X,2.4
2015JUL101016jjnca2020102763,A survey on technologies and security protocols: Reference for future generation IoT,R. Yugha,S. Chithra,,,Journal,JOURNAL OF NETWORK AND COMPUTER APPLICATIONS,ACADEMIC PRESS LTD- ELSEVIER SCIENCE LTD,"Scopus, Web of Sciences",Q1,138,10.1016/j.jnca.2020.102763,http://dx.doi.org/10.1016/j.jnca.2020.102763,1084-8045,
2020JUL10100797830306346745,Sensitive Keyword Extraction Based on Cyber Keywords and LDA in Twitter to Avoid Regrets,R. Geetha,S. Karthika,,,Book Chapter,IFIP Advances in Information and Communication Technology,Springer Nature,Scopus,Q3,6,10.1007/978-3-030-63467-4_5,http://dx.doi.org/10.1007/978-3-030-63467-4_5,1868-4238 1868-422X,
2020JUL10100797830306346747,Social Media Veracity Detection System Using Calibrate Classifier,P. SuthanthiraDevi,S. Karthika,,,Book Chapter,IFIP Advances in Information and Communication Technology,Springer Nature,Scopus,Q3,1,10.1007/978-3-030-63467-4_7,http://dx.doi.org/10.1007/978-3-030-63467-4_7,1868-4238 1868-422X,
2020JUL101007978981155558917,Tweet Classification Using Deep Learning Approach to Predict Sensitive Personal Data,R. Geetha,S. Karthika,S. Mohanavalli,,Book Chapter,Lecture Notes in Electrical Engineering,Springer Nature,Scopus,,5,10.1007/978-981-15-5558-9_17,http://dx.doi.org/10.1007/978-981-15-5558-9_17,1876-1100 1876-1119,
2020JUL101007s10825020015225,Reconfigurable silicon nanotube using numerical simulations,A. Nisha Justeena,R. Ambika,P. S. S. K. P. Sadagopan,R. Srinivasan,Journal,JOURNAL OF COMPUTATIONAL ELECTRONICS,SPRINGER,"Scopus, Web of Sciences",Q3,2,10.1007/s10825-020-01522-5,http://dx.doi.org/10.1007/s10825-020-01522-5,1569-8025 1572-8137,
2020JUL101007s11045020007134,A new multi-level radial difference encoded pattern for image classification and retrieval,L. K. Pavithra,T. Sree Sharmila,,,Journal,MULTIDIMENSIONAL SYSTEMS AND SIGNAL PROCESSING,SPRINGER,"Scopus, Web of Sciences",Q2,2,10.1007/s11045-020-00713-4,http://dx.doi.org/10.1007/s11045-020-00713-4,0923-6082 1573-0824,
2020JUL101007s40009020009071,Construction and Evaluation of Tamil Speech Emotion Corpus,P. Vasuki,B. Sambavi,Vijesh Joe,,Journal,NATIONAL ACADEMY SCIENCE LETTERS-INDIA,SPRINGER INDIA,"Scopus, Web of Sciences",Q3,4,10.1007/s40009-020-00907-1,http://dx.doi.org/10.1007/s40009-020-00907-1,0250-541X 2250-1754,1.1
2020JUL101016jmejo2020104815,Reconfigurable FET-Based SRAM and Its Single Event Upset Performance Analysis Using TCAD Simulations,A. Nisha Justeena,R. Srinivasan,,,Journal,MICROELECTRONICS JOURNAL,ELSEVIER SCI LTD,Web of Sciences,Q3,10,10.1016/j.mejo.2020.104815,http://dx.doi.org/10.1016/j.mejo.2020.104815,0026-2692,
2020JUL101016jpatrec202005002,Phoneme classification in reconstructed phase space with convolutional neural networks,R. John Wesley,A. Nayeemulla Khan,A. Shahina,,Journal,PATTERN RECOGNITION LETTERS,ELSEVIER,"Scopus, Web of Sciences",Q1,9,10.1016/j.patrec.2020.05.002,http://dx.doi.org/10.1016/j.patrec.2020.05.002,0167-8655,
2020JUL101049ietspr20190226,Adaptive multi-band filter structure-based far-end speech enhancement,Muthu Philominal Actlin Jeeva,Thangavelu Nagarajan,Parthasarathy Vijayalakshmi,,Journal,IET SIGNAL PROCESSING,WILEY-HINDAWI,"Scopus, Web of Sciences",Q3,7,10.1049/iet-spr.2019.0226,http://dx.doi.org/10.1049/iet-spr.2019.0226,1751-9675 1751-9683,
2020JUL10108813616641abc1fe,Investigation of heavy-ion strikes on a fin field-effect transistor-based low-noise amplifier,P Rajendiran,K K Nagarajan,R Srinivasan,,Journal,SEMICONDUCTOR SCIENCE AND TECHNOLOGY,IOP PUBLISHING LTD,"Scopus, Web of Sciences",Q3,1,10.1088/1361-6641/abc1fe,http://dx.doi.org/10.1088/1361-6641/abc1fe,0268-1242 1361-6641,1.9
2020JUL103233xst200697,An enhanced OCT image captioning system to assist ophthalmologists in detecting and classifying eye diseases,Sivamurugan Vellakani,Indumathi Pushbam,,,Journal,JOURNAL OF X-RAY SCIENCE AND TECHNOLOGY,IOS PRESS,"Scopus, Web of Sciences",Q2,18,10.3233/xst-200697,http://dx.doi.org/10.3233/xst-200697,0895-3996 1095-9114,3
2020JUL1035940ijiteea80861110120,Epilepsy Prediction using a Combined LSTM - XGBoost System on EEG Signals,Shanmuga Skandh Vinayak E,Shahina A,Nayeemulla Khan A,,Journal,International Journal of Innovative Technology and Exploring Engineering,Blue Eyes Intelligence Engineering and Sciences Publication,Scopus,,22,10.35940/ijitee.a8086.1110120,http://dx.doi.org/10.35940/ijitee.a8086.1110120,2278-3075,
2020JUL1036548jismac20204006,Medical Data Management Using Blockchain,Bhalaji N,Aishwarya V,Krithika Balaji,,Journal,Dec-20,Inventive Research Organization,Scopus,Q3,2,10.36548/jismac.2020.4.006,http://dx.doi.org/10.36548/jismac.2020.4.006,2582-1369,
2020JUL1036548jscp20203001,MOOCVERSITY - Deep Learning Based Dropout Prediction in MOOCs over Weeks,Vignesh Muthukumar,Dr. Bhalaji N.,,,Journal,Journal of Soft Computing Paradigm,Inventive Research Organization,Scopus,Q2,23,10.36548/jscp.2020.3.001,http://dx.doi.org/10.36548/jscp.2020.3.001,2582-2640,
2020JULaSrasmg,TS-IoT: Trustworthy and Secure Smart Wearable Device for Child Tracking and Monitoring System,S. Chithra,R. Yugha,Aishwarya S.,"Mythreyi R., Niranjana Devi V.",Journal,LINGUISTICA ANTVERPIENSIA,,"Scopus, Web of Sciences",Q1,1,,,0304-2294,
2020JULDHuaHgG,Hand sign recognition by visible and thermal images using modified quality local thresholding technique,Gajalakshmi,T. Sree Sharmila,,,Journal,Journal of Environmental Protection and Ecology,Scibulcom Ltd.,Scopus,Q3,1,,https://scibulcom.net/en/article/7QXXrg0jJCYo4leu2Tp7,1311-5065,
2021JUL101007s0037102102154x,Degenerative disc disease diagnosis from lumbar MR images using hybrid features,A. Beulah,T. Sree Sharmila,V. K. Pramod,,Journal,VISUAL COMPUTER,SPRINGER,"Scopus, Web of Sciences",Q2,7,10.1007/s00371-021-02154-x,http://dx.doi.org/10.1007/s00371-021-02154-x,0178-2789 1432-2315,3.5
2021JUL101007s10462020099075,Understanding Lombard speech: a review of compensation techniques towards improving speech based recognition systems,S. Uma Maheswari,A. Shahina,A. Nayeemulla Khan,,Journal,ARTIFICIAL INTELLIGENCE REVIEW,SPRINGER,"Scopus, Web of Sciences",Q1,17,10.1007/s10462-020-09907-5,http://dx.doi.org/10.1007/s10462-020-09907-5,0269-2821 1573-7462,
2021JUL101007s1104501900697w,Secure data hiding by fruit fly optimization improved hybridized seeker algorithm,R. Roselin Kiruba,T. Sree Sharmila,,,Journal,MULTIDIMENSIONAL SYSTEMS AND SIGNAL PROCESSING,SPRINGER,"Scopus, Web of Sciences",Q2,26,10.1007/s11045-019-00697-w,http://dx.doi.org/10.1007/s11045-019-00697-w,0923-6082 1573-0824,
2021JUL101007s1265201901655x,Performance analysis of nature inspired load balancing algorithm in cloud environment,V. Arulkumar,N. Bhalaji,,,Journal,Journal of Ambient Intelligence and Humanized Computing,Springer Verlag,Scopus,Q1,42,10.1007/s12652-019-01655-x,http://dx.doi.org/10.1007/s12652-019-01655-x,1868-5137 1868-5145,
2021JUL1010800377206320211892539,Miniaturized Dual-Band Metamaterial-Loaded Antenna for Heterogeneous Vehicular Communication Networks,E. M. Malathy,I. R. Praveen Joe,P. Ajitha,,Journal,IETE JOURNAL OF RESEARCH,TAYLOR & FRANCIS LTD,"Scopus, Web of Sciences",Q2,12,10.1080/03772063.2021.1892539,http://dx.doi.org/10.1080/03772063.2021.1892539,0377-2063 0974-780X,1.5
2021JUL1010801543507520211930004,Proactive maintenance of small wind turbines using IoT and machine learning models,Yoganand Selvaraj,Chithra Selvaraj,,,Journal,INTERNATIONAL JOURNAL OF GREEN ENERGY,TAYLOR &amp; FRANCIS INC,"Scopus, Web of Sciences",Q2,14,10.1080/15435075.2021.1930004,http://dx.doi.org/10.1080/15435075.2021.1930004,1543-5075 1543-5083,
2021JUL1010881742659619111012012,Auto-Off ID: Automatic Detection of Offensive Language in Social Media,R Geetha,S Karthika,Chaluvadi Jwala Sowmika,Bharathi M Janani,Journal,Journal of Physics: Conference Series,IOP Publishing,Scopus,Q4,2,10.1088/1742-6596/1911/1/012012,http://dx.doi.org/10.1088/1742-6596/1911/1/012012,1742-6588 1742-6596,
2021JUL10242050327671620204093,Acoustic-visual based Accent Identification system using deep neural networks,"Radha N,",Sachin Madhavan RM,,,Journal,Revista Argentina de Clinica Psicologica,Raffles Connect PTE LTD,Scopus,Q4,1,10.24205/03276716.2020.4093,http://162.241.116.76/data-cms/articles/20210621010224pmSSCI-674.pdf,3276716,
2019JUL101002cpe5492,Load balancing in cloud computing using water wave algorithm,Arulkumar V,N. Bhalaji,,,Journal,CONCURRENCY AND COMPUTATION-PRACTICE & EXPERIENCE,WILEY,"Scopus, Web of Sciences",Q2,4,10.1002/cpe.5492,http://dx.doi.org/10.1002/cpe.5492,1532-0626 1532-0634,
2019JUL101007s1058601818022,Image fusion for MODIS and Landsat images using top hat based moving technique with FIS,R. Swathika,T. Sree Sharmila,,,Journal,CLUSTER COMPUTING-THE JOURNAL OF NETWORKS SOFTWARE TOOLS AND APPLICATIONS,SPRINGER,"Scopus, Web of Sciences",,10,10.1007/s10586-018-1802-2,http://dx.doi.org/10.1007/s10586-018-1802-2,1386-7857 1573-7543,
2019JUL101007s1082501901370y,Single-event radiation performance analysis of junction and junctionless FET-based low-noise amplifiers,P. Rajendiran,R. Srinivasan,,,Journal,JOURNAL OF COMPUTATIONAL ELECTRONICS,SPRINGER,"Scopus, Web of Sciences",Q3,11,10.1007/s10825-019-01370-y,http://dx.doi.org/10.1007/s10825-019-01370-y,1569-8025 1572-8137,
2019JUL101109TCAD20192927502,Impact of Thermal Boundary Resistance on the Performance and Scaling of Phase-Change Memory Device,S. Durai,S. Raj,A. Manivannan,,Journal,IEEE Transactions on Computer-Aided Design of Integrated Circuits and Systems,Institute of Electrical and Electronics Engineers Inc.,Scopus,Q1,19,10.1109/TCAD.2019.2927502,https://doi.org/10.1109/TCAD.2019.2927502,2780070,
2019JUL1011171jei285053013,Direction-invariant binary pattern-encoded descriptor for texture classification and retrieval,Pavithra Latha Kumaresan,Sree Sharmila Thangaswamy,,,Journal,JOURNAL OF ELECTRONIC IMAGING,SPIE-SOC PHOTO-OPTICAL INSTRUMENTATION ENGINEERS,"Scopus, Web of Sciences",Q3,2,10.1117/1.jei.28.5.053013,http://dx.doi.org/10.1117/1.jei.28.5.053013,1017-9909,
2019JUL1018576amis13s131,A New Optimized Distributed Scheduling Service using Genetic Computing,A. Sandanakaruppan,N. Bhalaji,N. Ramraj,,Journal,Applied Mathematics and Information Sciences,Natural Sciences Publishing,Scopus,Q3,0,10.18576/amis/13s131,http://dx.doi.org/10.18576/amis/13s131,1935-0090 2325-0399,
2019JUL1035940ijeata9810109119,Prediction of West Nile Virus u sing Ensemble Classifiers,R. Rishickesh,A. Shahina,A. Nayeemulla Khan,,Journal,International Journal of Engineering and Advanced Technology,Blue Eyes Intelligence Engineering and Sciences Publication,Scopus,,1,10.35940/ijeat.a9810.109119,http://dx.doi.org/10.35940/ijeat.a9810.109119,2249-8958,
2019JUL1035940ijrteb10520882s819,RFID and PIR Motion Sensor based Automated Attendance System for Educational Institutions,K.Srividhyasaradha,I. Joe Louis Paul,S. Sasirekha,,Journal,International Journal of Recent Technology and Engineering,Blue Eyes Intelligence Engineering and Sciences Publication,Scopus,,2,10.35940/ijrte.b1052.0882s819,http://dx.doi.org/10.35940/ijrte.b1052.0882s819,2277-3878,
2019JUL1035940ijrteb11110782s319,Nelder-Mead Optimized MADM Decision Support for Vertical Handover,Malathy E M,Vijayalakshmi Muthuswamy,,,Journal,International Journal of Recent Technology and Engineering,Blue Eyes Intelligence Engineering and Sciences Publication,Scopus,,30,10.35940/ijrte.b1111.0782s319,http://dx.doi.org/10.35940/ijrte.b1111.0782s319,2277-3878,
2019JUL1036548jtcsst20191005,Delay Diminished Efficient Task Scheduling and Allocation for Heterogeneous Cloud Environment,Bhalaji N,,,,Journal,Journal of Trends in Computer Science and Smart Technology,Inventive Research Organization,,,27,10.36548/jtcsst.2019.1.005,http://dx.doi.org/10.36548/jtcsst.2019.1.005,2582-4104,
2019JUL104018ijiit2019100102,Speech Emotion Recognition Based on Gender Influence in Emotional Expression,P Vasuki,Divya Bharati R,,,Journal,International Journal of Intelligent Information Technologies,IGI Publishing,Scopus,Q4,4,10.4018/ijiit.2019100102,http://dx.doi.org/10.4018/ijiit.2019100102,1548-3657 1548-3665,
2019JULmNlJOtp,Predicting Forest Fires using Supervised and Ensemble Machine Learning Algorithms,R. Rishickesh,A. Shahina,A. Nayeemulla Khan,,Journal,International Journal of Recent Technology and Engineering,Blue Eyes Intelligence Engineering & Sciences Publication ,Scopus,,18,"10.35940/ijrte.B2878.078219",https://www.ijrte.org/wp-content/uploads/papers/v8i2/B2878078219.pdf,2277-3878,
2020JUL101007s1104201907872y,Multi-model fusion based satellite image classification using versatile unsupervised vector zone (VUVZ) fusion and intensive pragmatic blossoms (IPB) technique,R. Swathika,T. Sree Sharmila,,,Journal,MULTIMEDIA TOOLS AND APPLICATIONS,SPRINGER,"Scopus, Web of Sciences",Q1,3,10.1007/s11042-019-07872-y,http://dx.doi.org/10.1007/s11042-019-07872-y,1380-7501 1573-7721,
2020JUL1010800952813x20201764630,Hierarchical classifier design for speech emotion recognition in the mixed-cultural environment,P. Vasuki,Chandrabose Aravindan,,,Journal,JOURNAL OF EXPERIMENTAL & THEORETICAL ARTIFICIAL INTELLIGENCE,TAYLOR &amp; FRANCIS LTD,"Scopus, Web of Sciences",Q3,4,10.1080/0952813x.2020.1764630,http://dx.doi.org/10.1080/0952813x.2020.1764630,0952-813X 1362-3079,
2020JUL101093comjnlbxz017,An Improved Seed Point Selection-Based Unsupervised Color Clustering for Content-Based Image Retrieval Application,L K Pavithra,T Sree Sharmila,,,Journal,COMPUTER JOURNAL,OXFORD UNIV PRESS,"Scopus, Web of Sciences",Q3,11,10.1093/comjnl/bxz017,http://dx.doi.org/10.1093/comjnl/bxz017,0010-4620 1460-2067,
2020JUL101109jstsp20202972161,Data Augmentation using virtual microphone array synthesis and multi-resolution feature extraction for isolated word dysarthric speech recognition,Mariya Celin T A,Nagarajan Thangavelu,Vijayalakshmi P,,Journal,IEEE JOURNAL OF SELECTED TOPICS IN SIGNAL PROCESSING,IEEE-INST ELECTRICAL ELECTRONICS ENGINEERS INC,"Scopus, Web of Sciences",Q1,24,10.1109/jstsp.2020.2972161,http://dx.doi.org/10.1109/jstsp.2020.2972161,1932-4553 1941-0484,
2020JUL101109taslp20202986877,Multi-Level Single-Channel Speech Enhancement Using a Unified Framework for Estimating Magnitude and Phase Spectra,T. Lavanya,T. Nagarajan,P. Vijayalakshmi,,Journal,IEEE-ACM TRANSACTIONS ON AUDIO SPEECH AND LANGUAGE PROCESSING,IEEE-INST ELECTRICAL ELECTRONICS ENGINEERS INC,"Scopus, Web of Sciences",Q2,30,10.1109/taslp.2020.2986877,http://dx.doi.org/10.1109/taslp.2020.2986877,2329-9290 2329-9304,5.4
2020JUL1021741573405615666191111142039,Influence of Primary Auditory Cortex in the Characterization of Autism Spectrum in Young Adults using Brain Connectivity Parameters and Deep Belief Networks: An fMRI Study,Vidhusha Srinivasan,N. Udayakumar,Kavitha Anandan,,Journal,CURRENT MEDICAL IMAGING,BENTHAM SCIENCE PUBL LTD,"Scopus, Web of Sciences",Q3,7,10.2174/1573405615666191111142039,http://dx.doi.org/10.2174/1573405615666191111142039,1573-4056,
2020JUL1024425aoa2020134058,A Study on the Impact of Lombard Effect on Recognition of Hindi Syllabic Units Using CNN Based Multimodal ASR Systems,Uma Maheshwari S,Shahina A,Rishikesh R,Nayeemulla Khan A,Journal,ARCHIVES OF ACOUSTICS,"POLSKA AKAD NAUK, POLISH ACAD SCIENCES, INST FUNDAMENTAL TECH RES PAS","Scopus, Web of Sciences",Q4,4,10.24425/aoa.2020.134058,http://dx.doi.org/10.24425/aoa.2020.134058,0137-5075 2300-262X,1
2020JUL1036548jeea20201003,Remaining Useful Life (RUL) Estimation of Lead Acid Battery using Bayesian Approach,Bhalaji N.,Rimi Chowdhury,,,Journal,Journal of Electrical Engineering and Automation,Inventive Research Organization,,,33,10.36548/jeea.2020.1.003,http://dx.doi.org/10.36548/jeea.2020.1.003,2582-3051,
2020JUL1036548jei20201006,EL DAPP - An Electricity Meter Tracking Decentralized Application,Dr. Bhalaji N.,Shanmuga Skandh Vinayak E,,,Journal,Journal of Electronics and Informatics,Inventive Research Organization,,,29,10.36548/jei.2020.1.006,http://dx.doi.org/10.36548/jei.2020.1.006,2582-3825,
2020JUL1036548jitdw20201003,Fog Computing - A Rasperry Pi Decentralized Network,Dr. Bhalaji N.,Shanmuga Skandh Vinayak E,,,Journal,Journal of Information Technology and Digital World,Inventive Research Organization,,,11,10.36548/jitdw.2020.1.003,http://dx.doi.org/10.36548/jitdw.2020.1.003,2582-418X,
2020JUL107555jbr3420190043,Deep learning approach to detect seizure using reconstructed phase space images,N. Ilakiyaselvan,A. Nayeemulla Khan,A. Shahina,,Journal,Journal of Biomedical Research,Nanjing Medical University,Scopus,Q2,53,10.7555/jbr.34.20190043,http://dx.doi.org/10.7555/jbr.34.20190043,1674-8301,2.3
2018JUL101016jcompeleceng201803015,BCI cinematics - A pre-release analyser for movies using H2O deep learning platform,Sundhara Kumar K.B,Krishna G,Bhalaji N,Chithra S,Journal,COMPUTERS & ELECTRICAL ENGINEERING,Elsevier BV,"Scopus, Web of Sciences",Q1,13,10.1016/j.compeleceng.2018.03.015,http://dx.doi.org/10.1016/j.compeleceng.2018.03.015,0045-7906,4.3
2018JUL101504ijista2018091590,Empirical study of feature selection methods over classification algorithms,N. Bhalaji,K.B. Sundhara Kumar,Chithra Selvaraj,,Journal,International Journal of Intelligent Systems Technologies and Applications,Inderscience,Scopus,Q4,31,10.1504/ijista.2018.091590,http://dx.doi.org/10.1504/ijista.2018.091590,1740-8865 1740-8873,
2018JULdhaRcqW,Perfecting Counterfeit Banknote Detection-A Classification Strategy,M. Tejasvi,A.Nayeemulla Khan,A.Shahina,,Journal,International Journal of Innovative Technology and Exploring Engineering,Blue Eyes Intelligence Engineering & Sciences Publication,Scopus,,0,,https://www.ijitee.org/wp-content/uploads/papers/v8i6/F3597048619.pdf,2278-3075,
2018JULFUDkWwg,Impact of Tweet Features and Machine-Learning Classifiers for Twitter Spam Detection,S. Nitheesh Prabu,Abhishek Pal,S. Sundar Ram,S. Karthika,Journal,International Journal of Recent Technology and Engineering,Blue Eyes Intelligence Engineering & Sciences Publication,Scopus,,0,,https://www.ijrte.org/wp-content/uploads/papers/v7i6s3/F1007376S19.pdf,2277-3878,
2018JULKYaxWUN,A Novel Design Framework for Rumour Analysis in Twitter,S. Karthika,Suthanthira Devi,,,Journal,International Journal of Recent Technology and Engineering,Blue Eyes Intelligence Engineering & Sciences Publication,Scopus,,0,,https://www.ijrte.org/wp-content/uploads/papers/v7i6s3/F1005376S19.pdf,2277-3878,
2018JULrNvyrmj,Mobile Application For Out-Pass Generation,S. Swarnalatha,R. S. Shrikanth,I. Kesavarthini,"S. Poornima, N. Sripriya",Journal,International Journal Of Current Engineering And Scientific Research,,,Q4,0,10.21276/Ijcesr,https://troindia.in/journal/ijcesr/content.html,2393-8374 2394-0697,
2018JULvK34ie3,Embodied Conversational Agent-based Control Interfaces for Home Automation System,Nikitha V,N. Radha,,,Journal,International Journal on Future Revolution in computer science and communication engineering,Auricle Global Society of Education and Research,Scopus,,0,,http://www.ijfrcsce.org/index.php/ijfrcsce,2454-4248,
2018JULvv56ve7,Automatic Gender recognition using ANFIS,Jeyaaishwarya,N. Radha,,,Journal,International Journal on Future Revolution in computer science and communication engineering,Auricle Global Society of Education and Research,Scopus,,0,,http://www.ijfrcsce.org/index.php/ijfrcsce,2454-4248,
2019JUL101007978981137166028,Veracity Analysis and Prediction in Social Big Data,"Suthanthira Devi, P.","Karthika, S.","Venugopal, P.","Geetha, R.",Book Chapter,Information and Communication Technology for Sustainable Development,Springer Singapore,,Q1,5,10.1007/978-981-13-7166-0_28,https://doi.org/10.1007/978-981-13-7166-0_28,978-981-13-7166-0,
2019JUL101007s0050001903962z,Enhanced analysis of border surveillance using intruders' crossing strategies,N. Bhalaji,S. Venkatesh,,,Journal,SOFT COMPUTING,SPRINGER,"Scopus, Web of Sciences",Q4,1,10.1007/s00500-019-03962-z,http://dx.doi.org/10.1007/s00500-019-03962-z,1432-7643 1433-7479,
2019JUL101007s4187001802723,Acoustic image denoising using various spatial filtering techniques,M. Dhanushree,R. Priyadharsini,T. Sree Sharmila,,Journal,International Journal of Information Technology (Singapore),Springer Science + Business Media,Scopus,Q1,9,10.1007/s41870-018-0272-3,http://dx.doi.org/10.1007/s41870-018-0272-3,2511-2104 2511-2112,
2019JUL101504ijcaet2019100449,A safety system for school children using GRAG,I. Joe Louis Paul,S. Sasirekha,,,Journal,International Journal of Computer Aided Engineering and Technology,Inderscience,Scopus,Q4,0,10.1504/ijcaet.2019.100449,http://dx.doi.org/10.1504/ijcaet.2019.100449,1757-2657 1757-2665,
2019JUL102298gensr1903805u,A novel microarray gene selection and classification using intelligent dynamic grey wolf optimization,K.R. Uthayan,,,,Journal,Genetika,Drustvo Geneticara Srbije,Scopus,,3,10.2298/gensr1903805u,http://dx.doi.org/10.2298/gensr1903805u,2683-3867,
