PrintISSN,EISSN,Title,Publisher,Reason for re-evaluation,Year,Volume,Issue,Page range
10133119,,ABB Review,A B B Corporate Management Services AG,Radar,2018,,4,76-77
19958943,,Academic Journal of Cancer Research,International Digital Organization for Scientific Information (IDOSI),Publication Concerns,2013,6,2,84-89
10963685,,Academy of Accounting and Financial Studies Journal,Allied Business Academies,Publication Concerns,2021,25,6,001-020
10879595,15282686,Academy of Entrepreneurship Journal,Allied Business Academies,Publication Concerns,2021,27,5,001-021
10956298,15282678,Academy of Marketing Studies Journal,Allied Academies,Publication Concerns,2016,20,3,73-88
15441458,19396104,Academy of Strategic Management Journal,Allied Business Academies,Publication Concerns,2021,20,5,001-024
23697393,23697407,Accounting,Growing Science,Continuous curation,2021,7,6,1507-1520
3252957,18516114,Acta Bioquimica Clinica Latinoamericana,Federacion Bioquimica de la Provincia de Buenos Aires,Metrics,2017,51,3,395-407
0240642X,19585454,Acta Endoscopica,Springer,Metrics,2016,46,6,384-388
3936384,22839720,Acta Medica Mediterranea,Carbone Editore,Publication concerns,2023,39,1,299-304
16055,,Acta Medica Nagasakiensia,Nagasaki University School Of Medicine,Metrics,2018,61,4,183-188
16659,15871495,Acta Pharmaceutica Hungarica,Magyar Gyogyszerésztudományi Társaság,Metrics,2018,88,4,249-252
17043,,Acta Technica CSAV (Ceskoslovensk Akademie Ved),Academy Of Sciences Of The Czech Republic,RADAR,2018,63,6,921-926
19936788,,Actual Problems of Economics,National Academy of Management,Publication Concerns,2016,186,12,458-480
20424868,20424876,Advance Journal of Food Science and Technology,Maxwell Scientific Publications,Publication Concerns,2015,9,12,0
9763961,0976397X,Advanced Materials Letters,VBRI Press AB,Publication Concerns,2016,7,12,945-1039
10226680,16628985,Advanced Materials Research,TransTech,Publication Concerns,2014,1059,,127-133
19366612,19367317,Advanced Science Letters,American Scientific Publishers,Publication Concerns,2017,23,11,11629-11633
12293067,25087908,Advanced Studies in Contemporary Mathematics (Kyungshang),Jangjeon Research Institute for Mathematical Sciences and Physics,Radar,2020,30,2,273-283
13131311,13147609,Advanced Studies In Theoretical Physics,Hikari Ltd,Publication Concerns,2016,10,05-Aug,421-431
9734686,,Advances and Applications in Fluid Mechanics,Pushpa Publishing House,Radar,2017,20,4,605-625
21945357,21945365,Advances in Intelligent Systems and Computing,Springer Science and Business Media B.V.,Publication Concerns,2021,1385AIST,,935-939
18578365,18578438,Advances in Mathematics: Scientific Journal,Research Publication,Radar,2021,10,3,1839-1843
12585769,,Advances in Modelling and Analysis A,AMSE Press,Publication Concerns,2018,55,3,177-185
12404535,,Advances in Modelling and Analysis C,AMSE Press,Publication Concerns,2018,73,3,112-122
16875680,16875699,Advances in Multimedia,Hindawi Publishing Corporation,Publication Concerns,2023,2023,,5616739/1-12/2023
,24156698,"Advances in Science, Technology and Engineering Systems",ASTES Publishers,Publication Concerns,2020,6,1,1427-1439
10158618,19922647,African Journal of Neurological Sciences,Pan American Association of Neurological Sciences,Metrics,2017,36,2,No page range in Scopus
19948220,,African Journal of Psychiatry (South Africa),OMICS Publishing Group,Publication Concerns,2016,19,3,1000370
1896016,25050044,African Journal of Traditional Complementary and Alternative Medicines,African Traditional Herbal Medicine Supporters Initiative,Publication Concerns,2017,14,4,297-319
17226996,20354606,Agro Food Industry Hi-Tech,Teknoscienze,Radar,2018,29,6,45-47
1555385X,15542505,Air and Space Power Journal,AU Press,Metrics,2017,31,4,103-114
1210955X,12133248,Aktuality v Nefrologii,Tigis Spol. S.R.O.,Metrics,2018,24,4,113-152
16419227,24510696,Aktualnosci Neurologiczne,Medical Communications,Metrics,2017,17,3,167-171
12123536,1212687X,Alergie,Tigis s.r.o.,Metrics,2016,2016,4,201-259
845841,,"AMA - Agricultural Mechanization in Asia, Africa and Latin America",Farm Machinery Industrial Research Corp.,,2021,51,4,157-162
15574989,15574997,American Journal of Agricultural and Biological Science,Science Publications,Publication Concerns,2016,11,3,-
15469239,15543641,American Journal of Applied Sciences,Science Publications,Publication Concerns,2016,13,12,1476-1482
21504210,21504253,American Journal of Biochemistry and Molecular Biology,Academic Journals Inc.,Publication Concerns,2016,6,3,113-120
,21566976,American Journal of Cancer Research,E-Century Publishing Corporation,Publication Concerns,2017,7,12,2587-2599
2150427X,21504296,American Journal of Drug Discovery and Development,Academic Journals Inc.,Publication Concerns,2015,5,1,24-33
,19417039,American Journal of Engineering and Applied Sciences,Science Publications,Publication Concerns,2016,9,3,-
1553345X,15583910,American Journal of Environmental Sciences,Science Publications,Publication Concerns,2016,12,6,379-390
15574571,1557458X,American Journal of Food Technology,Academic Journals Inc.,Publication Concerns,2017,12,1,43-50
,23745398,American Journal of Heat and Mass Transfer,CIP Columbia International Publishing,Publication Concerns,2018,5,2,76-198
1553619X,15583775,American Journal of Immunology,Science Publications,Publication Concerns,2017,13,1,81-85
15536203,15586340,American Journal of Infectious Diseases,Science Publications,Publication Concerns,2016,12,3,65-72
,2165591X,American Journal of Neurodegenerative Disease,E-Century Publishing Corporation,Publication Concerns,2017,6,3,26-31
15574962,15574970,American Journal of Pharmacology and Toxicology,Science Publications,Publication Concerns,2016,11,2,26-31
15574539,15574547,American Journal of Plant Physiology,Academic Journals Inc.,Publication Concerns,2016,11,01-Mar,42-50
2777126,21532990,American Journal of Semiotics,Philosophy Documentation Center,Metrics,2018,34,01-Feb,241-247
,21604150,American Journal of Stem Cells,E-Century Publishing Corporation,Publication Concerns,2017,6,3,23-35
,19438141,American Journal of Translational Research,E-Century Publishing Corporation,Radar,2021,13,10,12114-12115
32468,25070290,Analecta Bollandiana,Societe Des Bollandistes,Metrics,2018,138,1,140-178
15752437,16977904,Anales de Documentacion,University of Murcia,Continuous curation,2020,23,1,43952
16974271,1697428X,Anales de la Real Academia Nacional de Farmacia,Real Acad Nacional Farmacia,Metrics,2018,84,3,330
7980752,,Anales Venezolanos de Nutricion,Fundacion Cavendes,Publication Concerns,2017,29,2,94-97
,20490801,Annals of Medicine and Surgery ,Wolters Kluwer Health,Radar,2023,85,5,2177-2179
22245820,22245839,Annals of Palliative Medicine  ,AME Publishing Company,Radar,2023,12,3,658
15836258,,Annals of the Romanian Society for Cell Biology,Universitatea de Vest Vasile Goldis din Arad,Publication concerns,2020,24,2,153-164
23055839,23055847,Annals of Translational Medicine,AME Publishing Company,Publication Concerns,2017,6,3,74
,9746005,Annals of Tropical Medicine and Public Health,Wolters Kluwer Health,Publication concerns,2020,23,20,8829-8835
,2347565X,Annual Research and Review in Biology,SCIENCEDOMAIN international,Metrics,2017,21,6,ARRB.38772
27831736,25884646,Anthropogenic Pollution ,Islamic Azad University,Continuous curation,2022,6,2,80-89
9720073,,Anthropologist,Kamla-Raj Enterprises,Publication Concerns,2016,26,01-Feb,137-144
11762322,17542103,Applied Bionics and Biomechanics,Hindawi,Publication Concerns,2023,,,Art No.-9953957
1312885X,13147552,Applied Mathematical Sciences,Hikari Ltd,Publication Concerns,2016,10,61-64,3187-3199
16609336,16627482,Applied Mechanics and Materials,TransTech / SciTec Publications,Publication Concerns,2014,694,,1-583
18667511,18667538,Arabian Journal of Geosciences,Springer Science and Business Media Deutschland GmbH,Publication Concerns,2021,14,22,Art.no.2260
39225,,Archiv fur Kriminologie,Verlag Schmidt-Romhild,Metrics,2018,242,03-Apr,125-135
,19898436,Archives of Clinical Microbiology,iMedPub,Publication Concerns,2015,6,3,-
,16989465,Archivos de Medicina,iMedPub,Publication Concerns,2015,11,3,-
7980264,26107988,Archivos Venezolanos de Farmacología y Terapeutica,Tribuna Medica Venezolana,Publication Concerns,2022,41,1,64-70
,23409894,Ars Pharmaceutica,Editorial Universidad de Granada,Metrics,2017,58,4,175-191
1173375,,Asia Life Sciences,Asia Life Sciences,Publication concerns,2020,13,6,1-871
9717730,,Asian Agri-History,Asian Agri-History Foundation,Metrics,2016,20,3,211-217
17381460,,Asian EFL Journal,Asian EFL Journal Press,Publication concerns,2021,28,2,314-327
18333001,22060979,Asian ESP Journal,Asian ESP Journal Press,Publication concerns,2021,17,3,234-249
18191894,,Asian Journal of Agricultural Research,Academic Journals Inc.,Publication Concerns,2016,10,5,175-184
16839919,,Asian Journal of Animal and Veterinary Advances,Academic Journals Inc.,Publication Concerns,2016,11,12,861-861
18191878,,Asian Journal of Animal Sciences,Academic Journals Inc.,Publication Concerns,2016,10,6,313-329
19963343,,Asian Journal of Applied Sciences,Academic Journals Inc.,Publication Concerns,2016,9,4,189-195
18159923,,Asian Journal of Biochemistry,Academic Journals Inc.,Publication Concerns,2016,11,4,177-185
18140068,,Asian Journal of Cell Biology,Academic Journals Inc.,Publication Concerns,2016,11,1,13-20
19921470,20772033,Asian Journal of Clinical Nutrition,ANSI Asian Network for Scientific Information,Publication Concerns,2018,10,2,58-64
19947879,20772041,Asian Journal of Crop Science,ANSI Asian Network for Scientific Information,Publication Concerns,2018,10,4,207-213
18191886,21523509,Asian Journal of Earth Sciences,Academic Journals Inc.,Publication Concerns,2016,9,1,27-35
19921462,2077205X,Asian Journal of Epidemiology,ANSI Asian Network for Scientific Information,Publication Concerns,2018,11,2,52-73
16823915,19935994,Asian Journal of Information Technology,Medwell Journals,Publication Concerns,2016,15,24,5163-5170
9723005,,"Asian Journal of Microbiology, Biotechnology and Environmental Sciences",Global Science Publications,Publication Concerns,2018,20,4,1071-1362
9742441,24553891,Asian Journal of Pharmaceutical and Clinical Research,Innovare Academics Sciences Pvt. Ltd,Publication Concerns,2018,11,spl iss: 4,216-220
22501444,22501460,Asian Journal of Pharmaceutical Research and Health Care,Informatics Publishing Ltd.,Publication Concerns,2016,8,4,131-143
9738398,1998409X,Asian Journal of Pharmaceutics,Wolters Kluwer: Medknow Publications,Publication Concerns,2018,12,4,319
18191541,,Asian Journal of Plant Pathology,Academic Journals Inc.,Publication Concerns,2016,10,4,61-66
18193609,,Asian Journal of Poultry Science,Academic Journals Inc.,Publication Concerns,2016,10,4,175-183
19921454,20772076,Asian Journal of Scientific Research,ANSI Asian Network for Scientific Information,Publication Concerns,2018,11,4,587-604
19112017,19112025,Asian Social Science,Canadian Center of Science and Education,Publication Concerns,2015,11,21,-
18638155,18638163,AStA Wirtschafts- und Sozialstatistisches Archiv,Springer,Metrics,2018,12,03-Apr,299-307
23934727,23441887,Astra Salvensis  ,Transilvanian Association for the Literarure and Culture of Romanian People (ASTRA),Publication concerns,2022,2022,1,849-860
3657655,,Atti della Societa Toscana di Scienze Naturali,Societa toscana di scienze naturali,Metrics,2017,124,,151-169
0004783X,,Aufbereitungs-Technik,Bauverlag BV Gmbh,Metrics,2017,22,4,193-196
,18361935,Australasian Medical Journal,PULSUS Group,Publication Concerns,2017,10,12,1071
13206133,,Australian Entomologist,Entomological Society Of Queensland,Metrics,2018,45,4,325-497
14480107,22063447,Australian Field Ornithology,Bird Observers Club Of Australia (Boca),Metrics,2018,35,-,149-157
,20751680,Axioms ,Multidisciplinary Digital Publishing Institute (MDPI),Radar,2023,12,9,Art No-901
16660390,18526233,BAG - Journal of Basic and Applied Genetics,Socieded Argentina de Geanetic,Metrics,2017,28,2,43-55
10282092,22247297,Bangladesh Journal of Plant Taxonomy,Bangladesh Assoc Plant Taxonomists,Metrics,2018,25,2,123-297
25186523,25231618,BiLD Law Journal ,Bangladesh Institute of Legal Development,Publication Concerns,2022,7,3,518-526
9725075,9761772,Biochemical and Cellular Archives,Connect Journal,Continuous curation,2021,21,2,4485
,9748369,Biology and Medicine,AstonJournals,Publication Concerns,2016,8,7,361
0970938X,9761683,Biomedical Research,Allied Academies,Radar,2018,29,20,3742-3746
1310392X,13141929,Biomedical Reviews,"Medical University Press, Varna",Metrics,2017,28,-,134-138
9702067,,Biomedicine (India),Indian Association of Biomedical Scientists,Radar,2023,43,5,1641-1645
17930480,17937035,Biophysical Reviews and Letters,World Scientific Publishing,Metrics,2017,12,4,187-208
18119506,22183973,Bioscience Research,Isisnet: Innovative Scientific Information Services Network,Publication Concerns,2018,15,4,4344
9731245,,"Biosciences, Biotechnology Research Asia","OSPC Oriental Scientific Publishing Company, Inc.",Publication Concerns,2016,13,4,2379-2385
1682296X,16822978,Biotechnology,ANSI Asian Network for Scientific Information,Publication Concerns,2018,17,3,158
9747435,,BioTechnology: An Indian Journal,Trade Science Inc,Publication Concerns,2014,10,12,-
65250,,Blutalkohol,Bund gegen Alkohol und Drogen im Straßenverkehr,Metrics,2017,54,6,351-362
65269,18943985,Blyttia,Norsk Botanisk Forening,Metrics,2016,74,4,269-270
12120634,12126861,Bolest,Tigis s.r.o.,Metrics,2016,19,4,168-172
0376723X,,Boletin Tecnico/Technical Bulletin,Universidad Central De Venezuela,Radar,2017,55,20,704-710
7376278,,Bridge,National Academy of Sciences,Radar,2020,50,4,97-102
45322,22755195,Bulletin d'Association de Geographes Francais,Association de Geographes Francais,Radar,2019,96,3,493-509
25707337,25707345,Bulletin Minerologie Petrologie,National Museum/Narodni muzeum,Radar,2022,30,1,154-160
,18045006,Business and Economic Horizons,Prague Development Center,Publication Concerns,2018,14,5,1027-1035
456152,,C e ca,Techna Group S.r.l.,Publication Concerns,2011,41,2,141-145
,22551514,Campus Virtuales,Red Universitaria de Campus Virtuales,Publication Concerns,2022,11,1,225-236
17181879,,Canadian Journal of Geriatrics,Andrew John Publishing Inc.,Publication Concerns,2009,12,3,101-103
,9740546,Carbon Science and Technology,Applied Science Innovations Pvt. Ltd. India,Publication Concerns,2016,8,4,70-81
18118194,19936117,Cardiology (Pakistan),Medwell Journals,Publication Concerns,2014,9,1,07-Oct
14046091,,Central Asia and the Caucasus,CA and C Press AB,Publication Concerns,2021,22,5,1097-1108
12107905,18054463,Ceska Revmatologie,Czech Medical Association J.E. Purkyne,Metrics,2017,25,4,199-202
92460,1945368X,Chemical Engineering,Access Intelligence LLC / Chemical Week Assoc,Metrics,2018,125,12,1-160
92479,21656428,Chemical Engineering Education,American Society for Engineering Education,Metrics,2017,51,4,205-215
3607275,19450710,Chemical Engineering Progress,American Institute of Chemical Engineers,Radar,2020,2020,8,NA
8619255,13138235,Chemistry,Ministry of Education and Sciences of the Republic of Bugaria,Metrics,2017,26,6,922-933
10009604,19930631,Chinese Journal of Cancer Research,Springer,Publication Concerns,2017,29,6,587-588
9302786,21965668,Chinesische Medizin,Urban und Vogel Medien und Medizin Verlagsgesellschaft mbH,Metrics,2017,32,4,259-264
2556030,,Chung Cheng Ling Hsueh Pao,Chung Cheng Institute of Technology,Radar,2018,47,1,107-114
2557193,9744509,Clay Research,The Clay Minerals Society of India,Continuous curation,2020,39,1,31-43
,20500904,Clinical Case Reports,John Wiley and Sons Ltd,Continues curation,2021,12,,e05254
9744630,9756968,Clinical Rhinology,Jaypee Brothers Medical Publishers,Continuous curation,2020,11,2and3,61-64
19351232,19412010,Clinical Schizophrenia and Related Psychoses ,Walsh Medical Media,Publication Concerns,2022,16,2,001-004
101826,,Colourage,Colour Publications Pvt. Ltd,Radar,2019,66,10,34-42
10832564,,Communications In Applied Analysis,Dynamic Publishers Inc.,Publication Concerns,2016,20,1,149-174
,23200790,Compusoft,COMPUSOFT,Publication Concerns,2020,9,8,3798-3809
1748670X,17486718 ,Computational and Mathematical Methods in Medicine ,Hindawi Publishing Corporation,Radar,2023,,,Art. No. 9896038
16875265,16875273,Computational Intelligence and Neuroscience,Hindawi Publishing Corporation,Publication Concerns,2022,2022,,Art. no:9999951
16418581,,Computer Methods in Materials Science,Publishing House AKAPIT,Radar,2018,18,2,49-57
9143505,,Congenital Anomalies,Wiley-Blackwell,Metrics,2017,57,6,201-204
13136569,13147641,Contemporary Engineering Sciences,Hikari Ltd,Publication Concerns,2016,9,29-32,1599-1606
2455328X ,24560502,Contemporary Voice of Dalit,SAGE Publications Inc,Publication Concerns,2023,15,1,136-137
15554309,5554317,Contrast Media and Molecular Imaging ,Hindawi Limited,Radar,2023,,,Art. no.: 1484802 (001-008)
15551741,1555175X,Core Evidence,Dove Medical Press Ltd,Publication Concerns,2018,13,-,Jan-31
1550438,22034420,Corella,Australian Bird Study Association,Metrics,2016,40,4,101-103
17279232,18103057,Corporate Ownership and Control,Virtus Interpress,Publication Concerns,2016,14,1continued4,684-691
24964476,25536087,Corps and Psychisme,Espirit,RADAR,2020,76,1,173-186
1611194,15581586,Cryptologia,Informa:  Taylor & Francis,Metrics,2017,41,6,534-565
20272103,21450226,Cuadernos de Vivienda y Urbanismo,Pontificia Universidad Javeriana,Continuous curation,2019,12,24,42736
,22302492,Current Biomarker Findings,Taylor and Francis: Dove Medical Press Ltd,Publication Concerns,2018,8,-,Jan-13
9759042,9761705,Current Neurobiology,OMICS Publishing Group,Publication Concerns,2016,7,3,90-99
9719032,9761691,Current Pediatric Research         , Allied Academies,Publication Concerns,2021,25,9,961-967
18193366,21523363,Current Research In Tuberculosis,Academic Journals Inc.,Publication Concerns,2012,4,1,13-18
13059076,1305905X,Cypriot Journal of Educational Sciences ,Birlesik Dunya Yenilik Arastirma ve Yayincilik Merkezi,Publication Concerns,2022,17,9,3529-3544
,0975413X,Der Pharma Chemica,Scholars Research Library,Publication Concerns,2016,8,21,58-61
,9755071,Der Pharmacia Lettre,Scholars Research Library,Publication Concerns,2016,8,21,94-104
1438776X,16167090,Dermatolgie in Beruf und Umwelt,Dustri-Verlag Dr. Karl Feistle,Radar,2021,69,2,97-100
16654390,,"Dermatologia Cosmetica, Medica y Quirurgica",Sociedad Mexicana de Cirurgia Dermatologica y Oncologia,Metrics,2017,15,4,279
4156412,14394359,Deutsche Zeitschrift fur Akupunktur,Elsevier:  Urban und Fischer,Metrics,2017,60,2,42278
16175891,14390930,Deutsche Zeitschrift fur Onkologie,Thieme,Metrics,2018,50,4,155-204
3787931,22964096,Deviance et Societe,Editions Medecine Et Hygiene,Metrics,2017,41,4,620-655
18161820,18161839,Dhaka University Journal of Pharmaceutical Sciences,"Faculty of Pharmacy, University of Dhaka, Dhaka 1000, Bangladesh",Metrics,2018,17,2,265-267
14668955,,Diabetes and Primary Care,OmniaMed SB,Metrics,2017,19,5,225-231
18617603,,"Diabetes, Stoffwechsel und Herz",Verlag Kirchheim + Co GmbH,Metrics,2017,26,2,112-113
18862845,18867278,Dialisis y Trasplante,Elsevier,Metrics,2016,37,2,29-31
2780240,18758630,Disease Markers,Hindawi Publishing Corporation,Publication Concerns,2023,2023,,Art. no:9969437
20495471,,Diversity & Equality in Health and Care,iMedPub,Publication Concerns,2015,12,2,-
,9757619,Drug Invention Today,Association of Pharmaceutical Innovators,Publication Concerns,2020,14,6,854-863
10562176,,Dynamic Systems and Applications,Dynamic Publishers Inc.,Publication Concerns,2016,25,4,44593
0012740X,,Dynamische Psychiatrie,Pinel-Verlag fuer Humanistische Psychiatrie und Philosophie,Metrics,2015,48,3,-
128686,,Eastern Anthropologist,Serials Publications (a.k.a. International Science Press),Publication Concerns,2017,70,43528,451-461
0971765X,,"Ecology, Environment and Conservation",EM International,Continuous curation,2021,27,2,967-976
18423191,1938212X,"Economics, Management and Financial Markets",Addleton Academic Publishers,Publication Concerns,2021,16,3,94-106
,23970944,Ecos - Review of Conservation,British Association Of Nature Conservationists,Metrics,2018,39,6,No page range
19385862,19386737,ECS Transactions  ,Institute of Physics,Publication Concerns,2022,109,16,003-008
,24448729,Education in the Knowledge Society,Ediciones Universidad de Salamanca,Publication Concerns,2022,0,0,e28600
26305984,21487561,Education Sciences: Theory and Practice,,Publication Concerns,2022,22,2,179-193
16872002,20907125,Egyptian Journal of Hospital Medicine,"Faculty of Medicine, Ain Shams University",Publication Concerns,2022,89,2,6961-6969
133205,22996184,Ekonomista,Polskie Wydawnictwo Ekonomiczne S.A.,Radar,2019,,6,769-780
,10893032,Electronic Journal of Geotechnical Engineering,Oklahoma State University,Publication Concerns,2016,21,26,10493-10506
,13053515,Elementary Education Online,Ankara University Faculty of Education Department Primary Education,Publication concerns,2021,20,1,532-552
13108131,,Endokrinologya,Klinichen Tsentur po Endokrinologiia i Gerontologiia,Metrics,2017,22,3,160-165
1308772X,,Energy Education Science and Technology Part A: Energy Science and Research,Sila Science,Publication Concerns,2014,32,6,-
13087711,,Energy Education Science and Technology Part B: Social and Educational Studies,Sila Science,Publication Concerns,2014,6,1,-
462012,19499167,Engineering Design Graphics Journal,American Society For Engineering Education,Metrics,2018,82,1,13-28
19164742,19164750,English Language Teaching,Canadian Center of Science and Education,Publication Concerns,2015,8,7,-
138894,,Entomologist''s Gazette,Pemberley,Metrics,2017,68,4,275-308
10878955,19394667,Entrepreneurial Executive,Allied Academies,Publication Concerns,2015,20, ,001-008
,23450282,Entrepreneurship and Sustainability Issues,Entrepreneurship and Sustainability Center,Publication concerns,2020,8,2,1419-1436
16350421,19523998,"Environnement, Risques et Sante",John Libbey  ,Radar,2021,20,3,329-330
21016275,2100014X,EPJ Web of Conferences,EDP Sciences,Publication Concerns,2018,195,-,10019
21492247,21492549,Erciyes Medical Journal,Erciyes University,Publication Concerns,2018,40,4,244
462497,17762936,Espace Geographique,Editions Belin,Radar,2019,48,3,195-281
1287258X,17762839,Essaim,Editions Eres,Metrics,2017,39,2,193-195
11333197,16975731,Estudios de Economia Aplicada,Ascociacion Internacional de Economia Aplicada,Publication Concerns,2021,39,12,001-016
17654629,1769695X,Ethique et Sante,Elsevier,Metrics,2018,15,4,266
,21598126,Ethnobiology Letters,Society of Ethnobiology,Continuous curation,2020,11,1,14-24
,13063057,Eurasian Journal of Analytical Chemistry,Modestum LTD,Publication Concerns,2018,13,6,1-363
 ,20635346,European Chemical Bulletin ,Deuton-X Ltd.,Publication Concerns,2022,11,12,22-38
14502275,,"European Journal of Economics, Finance and Administrative Sciences",Eurojournals Inc,Publication Concerns,2013,-,56,168-181
21033641,21167109,European Journal of Electrical Engineering,Lavoisier,Continuous curation,2020,22,2,179-191
3922936,,European Journal of Gynaecological Oncology,IMR Press Limited,Publication Concerns,2021,42,2,1095-1098
,25158260,European Journal of Molecular and Clinical Medicine,Ubiquity Press,Publication concerns,2020,7,11,2555-2651
13522779,14790793,European Journal of Palliative Care,Hayward Medical Communications Ltd.,Radar,2018,25,3,134-137
1450202X,,European Journal of Scientific Research,Eurojournals,Publication Concerns,2014,121,2,-
14502267,,European Journal of Social Sciences,Eurojournals Inc,Publication Concerns,2012,33,2,331-338
22395938,22396101,European Journal of Sustainable Development,European Center of Sustainable Development,Continuous curation,2021,10,2,336-348
11082976,,European Research Studies Journal,International Strategic Management Association,Publication Concerns,2018,21,4,898
1741427X,17414288,Evidence-based Complementary and Alternative Medicine ,Hindawi Publishing Corporation,Publication Concerns,2023,2023, ,Art. no:9990843
17920981,17921015,Experimental and Therapeutic Medicine,Spandidos Publications,Radar,2018,16,6,5424
3422747,,Familiendynamik,Verlag Klett-Cotta,Metrics,2017,42,2,167
9737006,,Far East Journal of Electronics and Communications,Pushpa Publishing House,Publication Concerns,2017,17,6,1631-1640
9720871,,Far East Journal of Mathematical Sciences,Pushpa Publishing House,Radar,2017,102,12,3259-3271
148172,,Farmaceuticky Obzor,Vydavatelstvo Herba,Metrics,2015,84,11-Dec,250-258
148229,,Farmacevtski Vestnik,Slovensko Farmacevtsko Dru?tvo,Metrics,2016,67,6,413-416
1012061,1678457X,Food Science and Technology (Brazil),Sociedade Brasileira de Ciencia e Tecnologia de Alimentos,Publication Concerns,2023,43,,Art.no.  E119722
14262630,18989934,Formalized Mathematics,Walter de Gruyter,Metrics,2016,24,4,301-308
9320547,,Forum Logopadie,Schulz-Kirchner Verlag GmbH,Metrics,2017,31,6,34-39
13864238,15728463,Foundations of Chemistry,Springer,Metrics,2016,18,3,241-262
1640629X,24498890,Fragmenta Floristica et Geobotanica Polonica,"W. Szafer Institute of Botany, Polish Academy of Sciences",Metrics,2018,25,01-Feb,298-302
10184619,16102304,Fresenius Environmental Bulletin,Parlar Scientific Publications,Publication concerns,2021,30,2,1185-1185
1609009,15360334,Frontiers,Ohio State University,Publication Concerns,2016,37,3,206
19489145,23744383,"Geopolitics, History, and International Relations",Addleton Academic Publishers,Publication Concerns,2021,13,2,135-148
15669076,,GIM International,Geomatics Information & Trading Centre BV,Radar,2018,32,4,44-45
15936104,,Giornale Italiano di Diabetologia e Metabolismo,Pacini Editore,Metrics,2017,37,1,43-49
19920075,,Global Journal of Pharmacology,International Digital Organization for Scientific Information (IDOSI),Publication Concerns,2014,8,2,-
9731768,9739750,Global Journal of Pure and Applied Mathematics,Research India Publications,Publication Concerns,2016,12,6,5387-5399
15507521,,Global Media Journal,OMICS Publishing Group,Publication Concerns,2016,2017,0,0
19926197,19998163,Global Veterinaria,International Digital Organization for Scientific Information (IDOSI),Publication Concerns,2014,12,4,-
13055550,,Gogus-Kalp-Damar Anestezi ve Yogun Bakim Dernegi Dergisi,Logos Tip Yayinciligi,Metrics,2017,23,4,157-160
5333164,1461717X,Group Analysis,Sage,Metrics,2017,50,4,552-556
174947,21967989,Gruppenpsychotherapie und Gruppendynamik,Vandenhoeck & Ruprecht,Metrics,2018,54,4,372
1761625,,"Gummi, Fasern, Kunststoffe",Dr. Gupta Verlag,Publication Concerns,2017,70,3,190-193
,17583284,Head and Neck Oncology,OA Publishing London,Publication Concerns,2015,6,3,-
11087366,,Health Science Journal,iMedPub,Publication Concerns,2015,9,4,-
12647527,19506368,Hematologie,John Libbey Eurotext,Metrics,2018,24,5,291-330
25002910,24095834,History of Medicine,I.M. Sechenov First Moscow State Medical University,Publication Concerns,2022,8,2,35-42
0018277X,,Hitachi Review,Hitachi Ltd.,Metrics,2016,65,9,475-486
20667655,20667663,Human and Veterinary Medicine,Bioflux_srl,Publication Concerns,2018,10,4,200-203
,26959623,Human Review,Eagora Science,Radar,2023,21,2,517-526
,23956518,Humanities and Social Sciences Reviews,Gyandhara International Academy Publications,Publication Concerns,2019,7,6,1256-1259
18026281,18031056,Hygiena,Tigis s.r.o.,Metrics,2016,61,4,176
13896911,24682438,ICGA Journal,IOS Press,Metrics,2017,39,2,163-165
9763104,,IIAOB Journal,Institute of Integrative Omics and Applied Biotechnology (IIOAB),Publication Concerns,2016,7,10,82-88
20668201,22474528,Incas Bulletin,INCAS - National Institute for Aerospace Research Elie Carafoli,Publication Concerns,2022,14,3,157-171
9765166,22313850,Indian Journal of Computer Science and Engineering,Engg Journals Publications,Publication Concerns,2022,13,6,2035-2046
3045250,,Indian Journal of Ecology,Diva Enterprises Pvt. Ltd,Publication Concerns,2021,48,3,944-949
9725784,,Indian Journal of Economics and Business,Ashwin Anokha Publications and Distributors,Publication Concerns,2021,20,1,225-243
195189,9751009,Indian Journal of Experimental Biology,National Institute Of Science Communication,Publication Concerns,2018,56,12,941
9739122,9739130,Indian Journal of Forensic Medicine and Toxicology,Institute of Medico-Legal Publications,Publication concerns,2021,15,2,
195359,19983654,Indian Journal of Medical Sciences,Scientific Scholar Pvt. Ltd.,Publication Concerns,2017,69,1,63-66
0250474X,19983743,Indian Journal of Pharmaceutical Sciences,Medknow Publications,Publication Concerns,2022,84,1,232-239
9760245,9765506,Indian Journal of Public Health Research and Development,Indian Journal of Public Health Research and Development,Publication Concerns,2019,10,12,2536-2539
9746846,9745645,Indian Journal of Science and Technology,Indian Society for Education and Environment,Publication Concerns,2016,9,48,0
13434500,13448994,Information (Japan),International Information Institute Ltd.,Publication Concerns,2017,20,12,8621-8628
20909551,2090956X,Information Sciences Letters,Natural Sciences Publishing,Radar,2023,12,10,2575-2598
7168756,7180764,Information Tecnoliga,Centro de Informacion Tecnologica,Publication Concerns,2021,32,2,165-174
13300067,,Informatologia ,Institute Informacijskih Znanosti/Institute for Information Sciences,Publication Concerns,2021,54,"3,4",207-216
9475362,,Intensiv- und Notfallbehandlung,Dustri-Verlag Dr. Karl Feistle,Metrics,2018,43,4,159-162
,17557682,International archives of medicine,iMedPub,Publication Concerns,2015,8,1,-
19935250,,International Business Management,Medwell Journals,Publication Concerns,2016,10,24,5777-5786
,22232877,International Conference on Applied and Computational Mathematics,World Scientific and Engineering Academy and Society,Publication Concerns,2011,-,-,189-194
,17924863,International Conference on Applied Computer Science - Proceedings,World Scientific and Engineering Academy and Society,Publication Concerns,2010,-,-,649-652
,,International Conference on Applied Mathematics and Informatics - Proceedings,World Scientific and Engineering Academy and Society,Publication Concerns,2010,-,-,239-246
,17924332,"International Conference on Applied Mathematics, Simulation, Modelling - Proceedings",World Scientific and Engineering Academy and Society,Publication Concerns,2011,-,-,197-201
,17924324,"International Conference on Circuits, Systems and Signals - Proceedings",World Scientific and Engineering Academy and Society,Publication Concerns,2010,0,0,374-379
,,"International Conference on Circuits, Systems, Electronics, Control and Signal Processing - Proceedings",World Scientific and Engineering Academy and Society,Publication Concerns,2010,-,-,210-214
,,"International Conference on Circuits, Systems, Signal and Telecommunications - Proceedings",World Scientific and Engineering Academy and Society,Publication Concerns,2011,-,-,121-126
,,International Conference on Communication and Management in Technological Innovation and Academic Globalization - Proceedings,World Scientific and Engineering Academy and Society,Publication Concerns,2010,-,-,154-159
,,International Conference on Communications - Proceedings,World Scientific and Engineering Academy and Society,Publication Concerns,2010,-,-,252-258
,17924316,International Conference on Communications and Information Technology - Proceedings,World Scientific and Engineering Academy and Society,Publication Concerns,2012,-,-,429-434
,,"International Conference on Data Networks, Communications, Computers - Proceedings",World Scientific and Engineering Academy and Society,Publication Concerns,2010,-,-,166-169
,,"International Conference on Development, Energy, Environment, Economics - Proceedings",World Scientific and Engineering Academy and Society,Publication Concerns,2010,-,-,403-406
,17925061,International Conference on Education and Educational Technologies - Proceedings,World Scientific and Engineering Academy and Society,Publication Concerns,2010,-,-,387-392
,,"International Conference on Electric Power Systems, High voltages, Electric machines, International conference on Remote sensing - Proceedings",World Scientific and Engineering Academy and Society,Publication Concerns,2010,-,-,356-363
,17924340,"International Conference on Energy and Development, Environment and Biomedicine - Proceedings",World Scientific and Engineering Academy and Society,Publication Concerns,2010,-,-,104-108
,,International Conference on Engineering Education and International Conference on Education and Educational Technologies - Proceedings,World Scientific and Engineering Academy and Society,Publication Concerns,2011,0,0,295-301
,,"International Conference on Engineering Mechanics, Structures, Engineering Geology, International Conference on Geography and Geology - Proceedings",World Scientific and Engineering Academy and Society,Publication Concerns,2010,-,-,557-560
,17924693,"International Conference on Manufacturing Engineering, Quality and Production Systems, MEQAPS - Proceedings",World Scientific and Engineering Academy and Society,Publication Concerns,2011,-,-,315-320
,,International Conference on Mathematical and Computational Methods in Science and Engineering - Proceedings,World Scientific and Engineering Academy and Society,Publication Concerns,2010,-,-,357-361
,,International Conference on Mathematical Methods and Computational Techniques in Electrical Engineering - Proceedings,World Scientific and Engineering Academy and Society,Publication Concerns,2010,-,-,177-183
,,International Conference on Mathematical Models for Engineering Science - Proceedings,World Scientific and Engineering Academy and Society,Publication Concerns,2010,-,-,284-288
,1792507X,International conference on System Science and Simulation in Engineering - Proceedings,World Scientific and Engineering Academy and Society,Publication Concerns,2010,-,-,494-499
,17924359,"International Conference on Theoretical and Applied Mechanics, International Conference on Fluid Mechanics and Heat and Mass Transfer - Proceedings",World Scientific and Engineering Academy and Society,Publication Concerns,2010,-,-,148-152
,,International Conference on Urban Planning and Transportation - Proceedings,World Scientific and Engineering Academy and Society,Publication Concerns,2010,-,-,180-185
,,"International Conference on Urban Sustainability, Cultural Sustainability, Green Development, Green Structures and Clean Cars, USCUDAR - Proceedings",World Scientific and Engineering Academy and Society,Publication Concerns,2011,-,-,188-191
,,"International Conference on Visualization, Imaging and Simulation - Proceedings",World Scientific and Engineering Academy and Society,Publication Concerns,2010,-,-,149-163
19139020,,International Education Studies,Canadian Center of Science and Education,Publication Concerns,2015,8,6,-
,22502459,International Journal Emerging Technology and Advanced Engineering ,IJETAE Publication House,Publication Concerns,2022,12,12,152-160
22497277,22777970,International Journal of Advanced Computer Research,Accents Social And Welfare Society,Publication Concerns,2018,8,39,354-363
9766480,9766499,International Journal of Advanced Research in Engineering and Technology,IAEME Publication,Publication Concerns,2020,11,6,637-645
20054238,22076360,International Journal of Advanced Science and Technology,Science and Engineering Research Support Society,Publication Concerns,2020,29,9,3315-3325
,22783091,International Journal of Advanced Trends in Computer Science and Engineering,World Academy of Research in Science and Egineering,Publication Concerns,2020,8,6,3684-3691
,9761055,International Journal of Advances In Pharmaceutical Sciences,Advanced Research Journals,Publication Concerns,2011,2,1,40-44
9731903,9763392,International Journal of Agricultural and Statistical Sciences  ,Dev College,Radar,2022,18,2,913-920
23118547,23116110,International Journal of Agricultural Extension,EScience Press,Publication Concerns,2022,10/Sp.Issue 1/129-146/, ,129-149
18164897,21522553,International Journal of Agricultural Research,Academic Journals Inc.,Publication Concerns,2016,11,4,135-142
9727302,,International Journal of Applied Business and Economic Research,Serials Publications (a.k.a. International Science Press),Publication Concerns,2017,15,26,625-641
9731792,9739734,International Journal of Applied Chemistry,Research India Publications,Publication Concerns,2016,12,4,811-816
,26334828,International Journal of Applied Engineering and Technology (London) ,Roman Science Publications and Distributions,Publication Concerns,2023,5,3,185-191
9734562,9739769,International Journal of Applied Engineering Research,Research India Publications,Publication Concerns,2017,12,24,16083-16086
,26662795,International Journal of Applied Engineering Research (Netherlands),Roman Science Publications and Distributions,Publication concerns,2020,5,2,NA
22003592,22003452,International Journal of Applied Linguistics and English Literature,Australian International Academic Centre PTY. LTD.,Publication Concerns,2017,0,0,128-135
,19406223,International Journal of Applied Research in Natural Products,Healthy Synergies Publications,Publication Concerns,2016,9,4,28-34
22337849,,International Journal of Bio Science and Bio Technology,Science and Engineering Research Support Society,Publication Concerns,2016,8,6,005-007
,21524114,International Journal of Biochemistry and Molecular Biology,E-Century Publishing Corporation,Publication Concerns,2017,8,2,13-22
1819155X,21522561,International Journal of Biological Chemistry,Academic Journals Inc.,Publication Concerns,2016,10,01-Apr,01-Jun
,19984510,International Journal of Biology and Biomedical Engineering,North Atlantic University Union NAUN,Publication Concerns,2022,16,,298-310
15509702,15552810,International Journal of Biomedical Science,Master Publishing Group,Publication Concerns,2016,12,4,149-154
18119700,18119719,International Journal of Botany,ANSI Asian Network for Scientific Information,Publication Concerns,2018,14,1,43-58
15551296,23788577,International Journal of Business Research,International Academy of Business and Economics,Publication Concerns,2016,16,4,161-175
18119727,18119735,International Journal of Cancer Research,Academic Journals Inc.,Publication Concerns,2018,14,2,100-108
23343427,23343486,International Journal of Celiac Disease,Science and Education Publishing,Publication Concerns,2017,5,4,173-174
0972768X,,International Journal of Chemical Sciences,Sadguru Publications,Publication Concerns,2016,14,4,2527-2534
9744290,24559555,International Journal of Chemtech Research,Sphinx Knowledge House,Publication Concerns,2016,9,11,466-483
,19984464,International Journal of Circuits Systems and Signal Processing,North Atlantic University Union NAUN,Publication Concerns,2022,16,,1102-1108
9766308,9766316,International Journal of Civil Engineering and Technology,IAEME Publication,Radar,2019,10,2,2475-2482
,19405901,International Journal of Clinical and Experimental Medicine,E-Century Publishing Corporation,Radar,2017,10,12,16830-16839
,19362625,International Journal of Clinical and Experimental Pathology,E-Century Publishing Corporation,Radar,2017,10,12,12003-12009
9737421,,International Journal of Combinatorial Graph Theory and Applications,Ashwin Anokha Publications and Distributors,Publication Concerns,2020,5,2,119-143
9748571,,International Journal of Computational Intelligence in Control,MUK Publications and Distribution,Publication Concerns,2021,13,2,29-34
,20054297,International Journal of Control and Automation,Science and Engineering Research Support Society,Publication Concerns,2020,13,3,99-104
9745572,,International Journal of Control Theory and Applications,Serials Publications,Publication Concerns,2016,9,11,1319-1325
,19294409,International Journal of Criminology and Sociology,Lifescience Global,Publication concerns,2021,10,,709-715
,0976822X,International Journal of Current Pharmaceutical Review and Research,Dr Yashwant L Choudhry,Publication Concerns,2017,9,1,32-35
22312196,9755241,International Journal of Current Research and Review,Radiance Research Academy,Publication concerns,2021,13,8,171-177
,23778075,International Journal of Dentistry and Oral Science,SciDoc Publishers,Publication concerns,2021,8,9,5567-5573
14479532,14479583,"International Journal of Diversity in Organisations, Communities and Nations",Common Ground Research Networks,Continuous curation,2019,19,1,19-35
,9750215,International Journal of Drug Delivery,Advanced Research Journals,Publication Concerns,2015,7,1,52-59
9759344,,International Journal of Drug Development and Research,iMedPub,Publication Concerns,2015,7,2,-
13085581,,International Journal of Early Childhood Special Education,"Anadolu University, Faculty of Education",Publication Concerns,2021,13,2,1350-1366
9745904,,International Journal of Earth Sciences and Engineering,CAFET-INNOVA Technical Society,Publication Concerns,2016,9,8,2878-2887
9731385,9737537,International Journal of Ecological Economics and Statistics,"CESER Centre for Environment, Social and Economic Research",Publication Concerns,2017,38,4,164-172
9729984,9737308,International Journal of Ecology and Development,"Centre for Environment, Social and Economic Research (CESER) Publications",Radar,2017,32,4,169-182
0377015X,23205199,International Journal of Ecology and Environmental Sciences,National Institute of Ecology,Publication Concerns,2010,36,4,277-280
,13071637,International Journal of Economic Perspectives,International Economic Society,Publication Concerns,2017,11,4,978-989
9729380,,International Journal of Economic Research,Serials Publications (a.k.a. International Science Press),Publication Concerns,2017,14,20,501-521
22414754,,International Journal of Economics and Business Administration,International Strategic Management Association,Publication concerns,2020,8,3,478-488
9766545,9766553,International Journal of Electrical Engineering and Technology,IAEME Publication,Publication Concerns,2021,-,-,-
0973628X,,International Journal of Electrospun Nanofibers and Applications,MUK Publications and Distribution,Publication Concerns,2020,6,1,81-95
18688799,18630383,International Journal of Emerging Technologies in Learning ,International Association of Online Engineering,Publication Concerns,2023,18,18,261-276
,23473983,International Journal of Emerging Trends in Engineering Research,World Academy of Research in Science and Egineering,Publication Concerns,2020,8,1,239-246
,22498958,International Journal of Engineering and Advanced Technology,Blue Eyes Intelligence Engineering and Sciences Publication,Publication Concerns,2019,9,1,7606-7610
23198613,9754024,International Journal of Engineering and Technology,Engg Journals Publications,Publication Concerns,2017, , ,2791-2794 
,2227524X,International Journal of Engineering and Technology(UAE),Science Publishing Corporation,Publication Concerns,2018,4.2 Special Issue  9,,258-261
14728915,,International Journal of Engineering Intelligent Systems for Electrical Engineering and Communications,C R L Publishing Ltd.,Metrics,2017,25,1,41-48
9743154,,International Journal of Engineering Research and Technology,International Research Publication House,Publication concerns,2021,12,12,4992-4999
10999264,,International Journal of Entrepreneurship,Allied Business Academies,Publication concerns,2021,25,6,001-008
,13063065,International Journal of Environmental and Science Education,Look Academic Publishers,Publication Concerns,2016,11,18,13069-13078
19234023,19234031,International Journal of Finance Research,Sciendu Press,Publication Concerns,2020,11,5,527-537
11787074,,International Journal of General Medicine,Dove Medical Press Ltd,Radar,2023,16,,2805-2817
9738258,19984103,International Journal of Green Pharmacy,B R Nahata College of Pharmacy,Publication Concerns,2018,12,4,328
20054262,22076379,International Journal of Grid and Distributed Computing,SERSC Australia,Radar,2018,11,11,39-52
25506978,2550696X ,International Journal of Health Sciences ,Universidad Tecnica de Manabi,Publication Concerns,2021,5,3,670-680
17400562,17400570,International Journal of High Performance Computing and Networking,Inderscience Publishers,Radar,2018,12,4,418-427
19276044,19276052,International Journal of Higher Education,Sciedu Press,Publication Concerns,2020,9,9,80-85
9723757,,International Journal of Human Genetics,Kamla-Raj Enterprises,Publication Concerns,2016,16,44654,005-007
,2231525X,International Journal of Imaging and Robotics,"CESER Centre for Environment, Social and Economic Research",Radar,2017,17,4,97-104
22011315,22011323,"International Journal of Innovation, Creativity and Change",Primrose Hall Publishing Group,Publication Concerns,2020,13,6,1-871
,22783075,International Journal of Innovative Technology and Exploring Engineering,Blue Eyes Intelligence Engineering and Sciences Publication,Publication Concerns,2019,9,1,5452-5455
1694609X,13081470,International Journal of Instruction,Gate Association for Teaching and Education,Publication Concerns,2023,16,3,1127-1146 
9742816,9738363,International Journal of Integrative Biology,Omics Publishing Group,Publication Concerns,2017,18,1,44902
2074904X,20749058,International Journal of Intelligent Systems and Applications,Modern Education And Computer Science Press,Radar,2018,10,12,91
,20103700,International Journal of Machine Learning and Computing,EJournals,Publication Concerns,2019,9,6,893-898
9766502,9766510,International Journal of Management,IAEME Publication,Publication Concerns,2020,11,6,267-276
13128876,13147579,International Journal of Mathematical Analysis,Hikari Ltd,Publication Concerns,2016,10,25-28,375-1387
,19980140,International Journal of Mathematical Models and Methods in Applied Sciences,NAUN North Atlantic University Union,Publication Concerns,2016,10,,367-372
,19980159,International Journal of Mathematics and Computers In Simulation,NAUN North Atlantic University Union,Publication Concerns,2016,10,,390-398
22272771,2077124X,International Journal of Mechanical and Mechanics Engineering,IJENS Publishers,Continuous curation,2020,20,2,108-119
22496890,22498001,International Journal of Mechanical and Production Engineering Research and Development,Transstellar Journal Publications and Research Consultancy Private Limited (TJPRC),Publication Concerns,2020,10,4,83-92
9745823,,International Journal of Mechanical Engineering,Kalahari Journals,Publication Concerns,2022,7,1,2841-2847
9766340,9766359,International Journal of Mechanical Engineering and Technology,IAEME Publication,Radar,2019,10,2,1789 - 1797
,24101869,International Journal of Membrane Science and Technology ,Cosmos Scholars Publishing House,Publication Concerns,2023,10,3,460-475
1470949X,17415217,International Journal of Mobile Communications,Inderscience Publishers,Publication Concerns,2018,16,6,715-734
,19481756,International Journal of Molecular Epidemiology and Genetics,E-Century Publishing Corporation,Radar,2017,8,5,59
19750080,,International Journal of Multimedia and Ubiquitous Engineering,Science and Engineering Research Support Society,Publication Concerns,2016,11,12,007-020
1816353X,18163548,International Journal of Network Security,"Femto Technique Co., Ltd.",Radar,2017,19,6,1072-1079
,20086822,International Journal of Nonlinear Analysis and Applications,"Semnan University, Center of Excellence in Nonlinear Analysis and Applications",Publication Concerns,2022,13,1,1667-1672
9732667,9744827,International Journal of Oceans and Oceanography,Research India Publications,Publication Concerns,2016,10,2,287-298
19945442,20772157,International Journal of Osteoporosis and Metabolic Disorders,ANSI Asian Network for Scientific Information,Publication Concerns,2018,11,1,23-28
,23455055,International Journal of Pediatrics- Mashhad,Mashhad University of Medical Sciences,Publication Concerns,2017,5,12,6779-6780
,9756299,International Journal of Pharma and Bio Sciences,UBI journal Ubitech pvt lts,Publication Concerns,2016,7,4,P192-P196
,9751556,International Journal of Pharmaceutical and Clinical Research,Dr. Yashwant Choudhary,Publication Concerns,2016,8,12,1685-1694
,9752366,International Journal of Pharmaceutical Research,Advanced Scientific Research,Publication concerns,2021,13,1,NA
,0976044X,International Journal of Pharmaceutical Sciences Review and Research,Global Research Online Publishing House,Publication Concerns,2016,42,1,312-316
,9754873,International Journal of Pharmacognosy and Phytochemical Research,Yashwant L Choudhary,Publication Concerns,2016,8,12,2085-2089
18117775,18125700,International Journal of Pharmacology,ANSI Asian Network for Scientific Information,Publication Concerns,2018,14,8,1198-1202
,9751491,International Journal of Pharmacy and Pharmaceutical Sciences,Innovare Academic Sciences Pvt ltd,Publication Concerns,2017,9,4,223
,0975766X,International Journal of Pharmacy and Technology,Dr.B.A.Reddy,Publication Concerns,2016,8,4,27421-27426
9744304,24559563,International Journal of Pharmtech Research,SPHINX KNOWLEDGE HOUSE,Publication Concerns,2016,9,12,991-998
,19448171,"International Journal of Physiology, Pathophysiology and Pharmacology",E-Century Publishing Corporation,Radar,2017,9,6,231-239
,9750185,International Journal of Phytomedicine,Advanced Research Journals,Publication Concerns,2016,8,4,558-556
16828356,19947992,International Journal of Poultry Science,ANSI Asian Network for Scientific Information,Publication Concerns,2018,17,12,568-619
,25253654,International Journal of Professional Business Review,AOS-Estratagia and Inovacao,Radar,2023,8,5,001-027 - Article nr: e0986
,14757192,International Journal of Psychosocial Rehabilitation,Hampstead Psychological Associates,Publication Concerns,2020,24,4,5669-5676
,13143395,International Journal of Pure and Applied Mathematics,Academic Publications Ltd.,Publication Concerns,2016,118,3,819-835
,22773878,International Journal of Recent Technology and Engineering,Blue Eyes Intelligence Engineering and Sciences Publication,Publication Concerns,2019,8,special issue,4182-4188
22774343,22293566,International Journal of Research In Ayurveda and Pharmacy,Moksha Publishing House,Publication Concerns,2016,7,6,79-84
,21489955,International Journal of Research in Education and Science,Ismail Sahin,Publication Concerns,2020,6,4,1-712
,9757538,International Journal of Research in Pharmaceutical Sciences,JK Welfare & Pharmascope Foundation,Publication concerns,2020,11,Spl:3,1990-1996
,22778616,International Journal of Scientific and Technology Research,International Journal of Scientific and Technology Research,Publication Concerns,2020,9,5,273-278
17389976,,International Journal of Security and Its Applications,Science and Engineering Research Support Society,Publication Concerns,2016,10,12,409-418
1473804X,14738031,"International Journal of Simulation: Systems, Science and Technology",Uk Simulation Society,Radar,2018,19,6,60.1-60.9
23154462,23733594,International Journal of Smart Grid and Clean Energy,Engineering and Technology Publishing,Publication Concerns,2019,8,6,806-8012
19754094,2383725X,International Journal of Smart Home,Science and Engineering Research Support Society,Publication Concerns,2016,10,12,231-244
9732039,,International Journal of Sociology of the Family,Serials Publications,Publication Concerns,2019,415,2,79-101
18169503,,International Journal of Soft Computing,Medwell Journals,Publication Concerns,2016,11,6,437-443
17389984,,International Journal of Software Engineering and its Applications,Science and Engineering Research Support Society,Publication Concerns,2016,10,12,007-018
18164978,,International Journal of Soil Science,Academic Journals Inc.,Publication Concerns,2016,11,4,137-142
20513771,20507399,International Journal of Supply Chain Management,Exceling Tech Publishers,Publication Concerns,2020,9,4,1269-1275
19975422,23099607,International Journal of Systems Signal Control and Engineering Application,Medwell Journals,Publication Concerns,2016,9,3,60-65
23193336,,International Journal of Tomography and Simulation,"CESER Centre for Environment, Social and Economic Research",Radar,2017,30,4,118-126
,9755160,International Journal of Toxicological and Pharmacological Research,Yashwant L Choudhary,Publication Concerns,2016,8,6,471-474
18163319,1818779X,International Journal of Tropical Medicine,Medwell Journals,Publication Concerns,2016,11,5,175-181
18164900,,International Journal of Virology,Academic Journals Inc.,Publication Concerns,2018,14,1,01-Dec
,11791403,International Journal of Wine Research,Dove Medical Press Ltd.,Continuous curation,2020,12,1,42370
18119778,18119786,International Journal of Zoological Research,Academic Journals Inc.,Publication Concerns,2018,14,2,49-76
19422660,,International Journal on Advances in Life Sciences,"International Academy, Research, and Industrial Association",Publication Concerns,2016,8,(3-4),297-308
9758364,22493255,International Journal on Emerging Technology,Research Trend,Publication Concerns,2020,13,3,975-982
,23218169,International Journal on Recent and Innovation Trends in Computing and Communication,Auricle Global Society of Education and Research,Radar,2023,11,9s,777-785
13412051,24363294,International Medical Journal,Japan International Cultural Exchange Foundation,Publication Concerns,2022,29,1,72-76
14502887,,International Research Journal of Finance and Economics,Eurojournals Inc,Publication Concerns,2012,96,,155-167
9732047,,International Review of Modern Sociology,Serials Publications,Publication Concerns,2020,46,2,127-148
18286003,18286011,International Review on Computers and Software,Praise Worthy Prize,Publication Concerns,2016,11,12,1209-1216
,19378289,Internet Journal of Microbiology,Internet Scientific Publications,Continuous curation,2020,17,1,1 to 8
17578981,1757899X,IOP Conference Series: Materials Science and Engineering,IOP Publishing Ltd,Publication Concerns,2021,1065,1,NA
20741804,20741812,Iranian Red Crescent Medical Journal,Kowsar Medical,Publication Concerns,2018,20,12,e87109
19441967,19441975,ISACA Journal,Information Systems Audit and Control Association (ISACA),Radar,2020,6,,49-56
3682781,21865477,Japanese Journal of Antibiotics,Japan Infectious Diseases Association of Public Interest Foundation,Metrics,2017,70,6,355-360
15908577,,JOP. Journal of the Pancreas,iMedPub,Publication Concerns,2015,16,3,-
3980499,,Journal des Maladies Vasculaires,Elsevier: Masson,Metrics,2016,41,6,416-417
,25897799,Journal for ReAttach Therapy and Developmental Diversities ,ReAttach Therapy International Foundation,Publication Concerns,2023,6,8,459-469
,2149360X,Journal for the Education of Gifted Young Scientists,Journal for the Education of the Young Scientists and Giftedness,Publication Concerns,2020,8,4,1305-1371
10282327,16809378,Journal fur Hypertonie,Krause und Pachernegg,Metrics,2016,20,4,104-106
10240098,1680936x,Journal fur Kardiologie,Krause & Pachernegg GmbH,Metrics,2017,24,43416,310
0971071X,,Journal International Medical Sciences Academy,Mary Ann Liebert Inc.,Publication Concerns,2022,35,2,159-166
12038407,23711175,Journal of Advanced Oxidation Technologies,Sycamore Publications,Publication Concerns,2018,21,2,Article Nr: 201812998
,1943023X,Journal of Advanced Research in Dynamical and Control Systems,Institute of Advanced Scientific Research,Continuous curation,2020,12,7,837-842
,2068696X,Journal of Advanced Research in Law and Economics,ASERS Publishing,Publication Concerns,2020,11,1,256-266
,2537214,Journal of Advanced Zoology,Assoc. Advancement Zoology,Publication Concerns,2022,43,1,111-118
,19347235,Journal of Agricultural Food and Environmental Sciences,Scientific Journals International,Publication Concerns,2012,5,1,001-010
,24126381,Journal of Agriculture and Crops,Rahim Yar Khan Academic Research Publishing Group,Publication Concerns,2023,9,1,97-104
18125379,18125417,Journal of Agronomy,ANSI Asian Network for Scientific Information,Publication Concerns,2018,17,4,188-250
21556113,,Journal of AIDS and Clinical Research,OMICS Publishing Group,Publication Concerns,2014,5,8,-
901482,21624119,Journal of Alcohol and Drug Education,Amer Alcohol Drug Information Foundation,Metrics,2018,62,3,No page range
19277210,19277229,Journal of Analytical Oncology,Lifescience Global,Publication Concerns,2016,5,4,153-163
,21556148,Journal of Anesthesia and Clinical Research,OMICS Publishing Group,Publication Concerns,2014,5,7,-
16805593,1993601X,Journal of Animal and Veterinary Advances,Medwell Journals,Publication Concerns,2015,14,13,399-406
19485964,,Journal of Antivirals and Antiretrovirals,OMICS Publishing Group,Publication Concerns,2014,6,1,-
13071130,21460108,Journal of Applied Biological Sciences,Nobel Science And Research Center,Publication Concerns,2017,11,3,39-41
,23935162,Journal of Applied Economic Sciences,ASERS Publishing,Publication Concerns,2018,13,8,2502-2510
18125654,18125662,Journal of Applied Science,Asian Network for Scientific Information,Publication Concerns,2015,15,3,-
21559546,,Journal of Aquaculture Research and Development,OMICS Publishing Group,Publication Concerns,2014,5,5,-
1466623,,Journal of Aquatic Plant Management,Allen Press,Metrics,2017,55,July,123-125
19945450,20772173,Journal of Artificial Intelligence,ANSI Asian Network for Scientific Information,Publication Concerns,2018,11,2,85-90
22884637,22884645,"Journal of Asian Finance, Economics and Business ",Korea Distribution Science Association (KODISA),Publication concerns,2021,8,4,1076-1090
1948593X,,Journal of Bioanalysis and Biomedicine,OMICS Publishing Group,Publication Concerns,2014,6,1,-
15566560,15566579,Journal of Biobased Materials and Bioenergy,American Scientific Publishers,Radar,2017,11,5,527-531
9750851,,Journal of Bioequivalence and Bioavailability,OMICS Publishing Group,Publication Concerns,2014,6,4,-
17273048,18125719,Journal of Biological Sciences,ANSI Asian Network for Scientific Information,Publication Concerns,2018,18,8,514-519
24765376,23223308,Journal of Biology and Today's World,Lexis Publisher,Publication Concerns,2017,6,12,269-273
21579083,21579091,Journal of Biomaterials and Tissue Engineering,American Scientific Publishers,Radar,2017,7,12,1355-1359
17518202,20566271,Journal of Business and Retail Management Research,Academy Of Business And Retail Management Research,Radar,2018,12,4,246-250
19485956,,Journal of Cancer Science and Therapy,OMICS Publishing Group,Publication Concerns,2014,6,7,-
9753583,9762833,Journal of Cardiovascular Disease Research,EManuscript Technologies,Publication Concerns,2021,12,1,97-104
9757384,,Journal of Chemical and Pharmaceutical Research,JOCPR,Publication Concerns,2016,8,3,1014-1020
9742115,23498552,Journal of Chemical and Pharmaceutical Sciences,PR Publications,Publication Concerns,2016,9,4,3496-3503
13090720,13092014,Journal of Clinical and Analytical Medicine,Derman Medical Publishing,Radar,2017,8,6,541-544
2249782X,0973709X,Journal of Clinical and Diagnostic Research,JCDR Research and Publications Pvt Limited,Radar,2018,12,12,ZE19-ZE27
,21559880,Journal of Clinical and Experimental Cardiology,OMICS Publishing Group,Publication Concerns,2014,5,9,-
3638855,,Journal of Clinical Engineering,Wolters Kluwer,Metrics,2016,41,4,El - E5
7490208,15515036,Journal of Coastal Research ,"Coastal Education & Research Foundation, Inc.",Publication Concerns,2023,39,2,394-400
1796203X,,Journal of Computers,Academy publisher,Publication Concerns,2013,8,12,3298-3304
19911599,2312993X,Journal of Computers (Taiwan),Computer Society of the Republic of China,Radar,2018,29,6,1-273
,23945125,Journal of Critical Reviews,Innovare Academics Sciences Pvt. Ltd,Publication Concerns,2020,7,13,968-980
13518372,,Journal of Dementia Care,Hawker Publications Ltd.,Metrics,2017,25,6,33-34
9727272,,Journal of Digital Information Management,Digital Information Research Foundation,Radar,2017,15,6,354-371
15333604,15333590,Journal of Economics and Economic Education Research,Allied Academies,Publication Concerns,2016,17,Special Issue 3,186-199
9724397,9740805,Journal of Ecophysiology and Occupational Health,Academy of Environmental Biology,Metrics,2015,15,01-Feb,Jan-71
,15824594,Journal of Electrical Engineering,"Editura Politehnica, Universitatea Politehnica din Timisoara",Publication Concerns,2016,75,0,0
17980461,,Journal of Emerging Technologies in Web Intelligence,Academy publisher,Publication Concerns,2014,6,2,-
16089677,22201009,"Journal of Endocrinology, Metabolism and Diabetes of South Africa",Medpharm Publications,Metrics,2018,23,3,86-90
1816949X,18187803,Journal of Engineering and Applied Sciences,Medwell Journals,Publication Concerns,2019,14,4,1374-1387
,22002014,Journal of English as an International Language,ELE Publishing,Publication Concerns,2020,15,2,119-144
18125670,18125689,Journal of Entomology,Academic Journals Inc.,Publication Concerns,2018,15,3,106-160
10988394,15282651,Journal of Entrepreneurship Education,Allied Academies,Publication Concerns,2019,22,2 (spec. issue),44075
,23091185,Journal of Environment Treatment Techniques,Dorma Journals,Publication Concerns,2020,8,4,1611-1617
16879805,16879813,Journal of Environmental and Public Health ,Hindawi Publishing Corporation,Publication Concerns,2022,2022,,Art. nr. 9974914
10583912,19967918,Journal of Environmental Hydrology,International Association for Environmental Hydrology,Publication Concerns,2017,25,,2
,20687729,Journal of Environmental Management and Tourism ,ASERS Publishing House,Publication Concerns,2023,14,4,2148-2153
,20772181,Journal of Environmental Science and Technology,ANSI Asian Network for Scientific Information,Publication Concerns,2018,15,12,2713-2718
220930,16083202,Journal of Evolutionary Biochemistry and Physiology,Springer: Maik Nauka-Interperiodica Publishing,Metrics,2017,53,6,526-529
18164927,19960751,Journal of Fisheries and Aquatic Science,Academic Journals Inc.,Publication Concerns,2016,11,6,437-443
,14590263,"Journal of Food, Agriculture and Environment",WFL Publishers Ltd.,Publication Concerns,2017,15,43163,123-129
17365279,17364337,Journal of Generalized Lie Theory and Applications,OMICS Publishing Group,Publication Concerns,2013,7,1,-
17411343,17417090,Journal of Generic Medicines,Sage,Metrics,2017,13,4,219-221
,9758542,Journal of Global Pharma Technology,Journal of Global Pharma Technology,Publication concerns,2020,12,11,22-31
19044720,22454586,Journal of Green Engineering,Alpha Publishers,Publication Concerns,2021,11,2,2018-2028
9709274,24566608,Journal of Human Ecology,Kamla-Raj Enterprises,Continuous curation,2020,72,3,17168
,18578489,Journal of Hygienic Engineering and Design,Consulting and Training Center - KEY,Publication Concerns,2023,42,0,388-398
9702083,,Journal of Industrial Pollution Control,Research and Reviews,Publication Concerns,2017,33,2,1645- 1652
19387857,19387865,Journal of Information Technology Research,IGI Global,Radar,2020,13,4,156-170
2192659,17936713,Journal of Interconnection Networks,World Scientific,Radar,2023,23,4,Art No.-2350005
,21468397,Journal of Intercultural Ethnopharmacology,eJManager LLC,Publication Concerns,2017,6,4,429-452
19453019,19366264,Journal of Interdisciplinary and Multidisciplinary Research,Scientific Journals International,Publication Concerns,2016,3,3,54-58
10770755,,Journal of International Agricultural and Extension Education,Association For International Agricultural And Extension Education,Metrics,2016,23,1,72-85
15448037,23789174,Journal of International Business and Economics,International Academy of Business and Economics,Publication Concerns,2016,16,4,81-86
,12045357,Journal of Internet Banking and Commerce,Allied Academies,Publication Concerns,2016,21,Special Issue 6,19--2
222062,,Journal of Japanese Botany,Tsumura and Co.,Metrics,2017,92,3,170-175
18958281,20834608,Journal of Konbin,De Gruyter Open Ltd.,Continuous curation,2020,50,1,371-389
,1305578X,Journal of Language and Linguistic Studies,Selcuk University,Publication Concerns,2021,17,4,2210-2223
20780303,,Journal of Language and Literature,Proqres Publishing House,Publication Concerns,2016,7,4,352-359
,27644170,Journal of Law and Sustainable Development  ,ALUMNI IN,Publication Concerns,2023,11,7,Art No.-e1242
15440036,15440044,Journal of Legal Ethical and Regulatory Issues,Allied Business Academies,Publication Concerns,2021,24,7,0001-026
15247252,15325806,Journal of Management Information and Decision Science ,Allied Business Academies,Publication Concerns,2021,24,6,001-018
19438095,,Journal of Manufacturing Research,Nova Science Publishers Inc.,Continuous curation,2020,15,3,285-296
20282508,,Journal of Materials and Environmental Science,Universite Mohammed Premier Oujda,Publication Concerns,2017,8,12,4591-4599
 ,19275307,Journal of Mathematical and Computational Science,SCIK Publishing Corporation,Publication concerns,2021,11,3,3436-3463
9740570,,Journal of Mathematical Control Science and Applications,MUK Publications and Distribution,Publication Concerns,2021,7,1,105-120
15493644,15586359,Journal of Mathematics and Statistics,Science Publications,Publication Concerns,2016,12,4,312-316
22894659,22318380,Journal of Mechanical Engineering and Sciences,Universiti Malaysia Pahang,Publication Concerns,2020,14,2,6961-6970
10241752,,Journal of Mechanical Engineering Research and Development,Bangladesh University of Engineering and Technology,Publication Concerns,2021,44,6,71-81
21567018,21567026,Journal of Medical Imaging and Health Informatics,American Scientific Publishers,Radar,2017,7,8,1863-1869
16824474,18125727,Journal of Medical Sciences,ANSI Asian Network for Scientific Information,Publication Concerns,2018,18,4,157-210
19485948,,Journal of Microbial and Biochemical Technology,OMICS Publishing Group,Publication Concerns,2014,6,5,-
17962048,,Journal of Multimedia,Academy publisher,Publication Concerns,2013,8,6,823-829
18635954,21975523,Journal of Namibian Studies ,Otjivanda Presse.Essen,Publication Concerns,2023,,,
1555130X,15551318,Journal of Nanoelectronics and Optoelectronics,American Scientific Publishers,Publication Concerns,2017,12,12,1406-1411
,21577439,Journal of Nanomedicine and Nanotechnology,OMICS Publishing Group,Publication Concerns,2014,5,3,-
15334880,15334899,Journal of Nanoscience and Nanotechnology,American Scientific Publishers,Radar,2017,17,12,9360
17962056,,Journal of Networks,Academy publisher,Publication Concerns,2014,9,8,-
20081898,20081901,Journal of Nonlinear Science and Applications,ISPUB Internet Scientific Publications LLC,Publication Concerns,2016,9,12,6408-6423
,23259809,Journal of Nuclear Energy Science and Power Generation Technology,SciTechnol,Publication Concerns,2021,10,9,Art.no.1000227
16878450,16878469,Journal of Oncology,Hindawi Publishing Corporation,Radar,2023,2023,,Art.No:9998927
15440508,19394691,Journal of Organizational Culture Communications and Conflict,Allied Academies,Publication Concerns,2016,20,Special Issue 4,68-72
19395914,,Journal of Pain Management,"Nova Science Publishers, Inc.",Radar,2021,14,1,95-99
9769234,22297723,Journal of Pharmaceutical Negative Results,Medknow Publications and Media Pvt. Ltd ,Publication Concerns,2022,13,4,1419-1424
,9751459,Journal of Pharmaceutical Sciences and Research,Pharmainfo Publications,Radar,2018,10,12,3430-3434
21412502,,Journal of Pharmacognosy and Phytotherapy,Academic Journals Inc.,Publication Concerns,2017,9,2,19-23
1816496X,2152100X,Journal of Pharmacology and Toxicology,Academic Journals Inc.,Publication Concerns,2017,12,1,50-56
22233806,19275951,Journal of Pharmacy and Nutrition Sciences,SET Publisher,Radar,2021,11,1,65-72
,21875626,Journal of Physical Therapy Science,Society of Physical Therapy Science (Rigaku Ryoho Kagakugakkai),Publication Concerns,2017,29,12,2228-2235
18164951,,Journal of Plant Sciences,Academic Journals Inc.,Publication Concerns,2016,11,4,91-95
9738622,9763449,Journal of Polymer Materials,Oxford & I.B.H. Publishing Co. Pvt. Ltd.,Radar,2018,35,2,245-256
,25618741,Journal of Population Therapeutics and Clinical Pharmacology ,Dougmar Publishing Group Inc,Publication Concerns,2022,29,4,202-210
27177564,25870130,Journal of Positive Psychology and Wellbeing,Gökmen Arslan,Publication Concerns,2020,4,2,
1687952X,16879538,Journal of Probability and Statistics,Hindawi Publishing Corporation,Continuous curation,2020,2020,NA,1to 75
0974276X,,Journal of Proteomics and Bioinformatics,OMICS Publishing Group,Publication Concerns,2014,7,8,-
1453378,,Journal of Psychohistory,"Association for Psychohistory, Inc.",Metrics,2016,44,2,137-161
15214842,19308914,Journal of Real Estate Practice and Education,American Real Estate Society,Metrics,2016,19,2,191-216
21640262,23783524,Journal of Research in Gender Studies,Addleton Academic Publishers,Publication Concerns,2020,10,1,94-100
15448053,2376578X,Journal of Residuals Science and Technology,"DEStech Publications, Inc.",Publication Concerns,2016,14,1,255-269
,19297092,Journal of Reviews on Global Economics,Lifescience Global,Publication Concerns,2019,8,,1466-1474
25917781,,Journal of RNA and Genomics,Allied Business Academies,Publication Concerns,2021,17,4,001-001
15111768,,Journal of Rubber Research,Lembaga Getah Malaysia,Metrics,2017,20,4,273-286
1245481,,Journal of Science Education,math education,Publication Concerns,2019,20,2,108-116
8923310,,Journal of Scientific Exploration,Society For Scientific Exploration,Metrics,2018,32,4,675-762
20297017,20297025,Journal of Security and Sustainability Issues,The General Jonas Zemaitis Military Academy of Lithuania,Publication concerns,2020,10,1,484-495
23294175,23770996,Journal of Self-Governance and Management Economics,Addleton Academic Publishers,Publication concerns,2021,9,3,61-73
24119458,24136670,Journal of Social Sciences Research,Academic Research Publishing Group,Publication Concerns,2019,5,3,830-837
9766634,24566764,Journal of Sociology and Social Anthropology,Kamla-Raj Enterprises,Publication Concerns,2020,11,1 & 2,1-175
1796217X,,Journal of Software,Academy publisher,Publication Concerns,2014,9,2,-
18194311,21520941,Journal of Software Engineering,Academic Journals Inc.,Publication Concerns,2016,10,4,457-465
20083505,20087683,Journal of Solid Mechanics,Islamic Azad University-Arak Branch,Continuous curation,2020,12,2,493-504
,23687487,Journal of Survey in Fisheries Sciences,Green Wave Publishing of Canada,Publication Concerns,2023,10,1,144-149
19139063,,Journal of Sustainable Development,Canadian Center of Science and Education,Publication Concerns,2015,8,7,-
21801843,,"Journal of Telecommunication, Electronic and Computer Engineering",Universiti Teknikal Malaysia Melaka,Radar,2018,10,4,143-149
236152,2433488X,"Journal of the Faculty of Agriculture, Kyushu University",Kyushu University,Radar,2020,65,2,379-388
194247,,Journal of the Indian Academy of Applied Psychology,Indian Academy of Applied Psychology,Radar,2018,44,2,363-374
10784950,15325822,Journal of The International Academy For Case Studies,Allied Academies,Publication Concerns,2016,22,4,77-84
19930909,26633116,Journal of the National Academy of Legal Sciences of Ukraine,National Academy of Legal Sciences of Ukraine,Publication Concerns,2021,28,3,311-319
15442896,,Journal of Undergraduate Neuroscience Education,Davidson College * Faculty for Undergraduate Neuroscience,Metrics,Unable to determine, , , 
21577560,,Journal of Vaccines and Vaccination,OMICS Publishing Group,Publication Concerns,2014,5,4,-
21577579,,Journal of Veterinary Science and Technology,OMICS Publishing Group,Publication Concerns,2014,5,2,-
1063455X,1934936X,Journal of Water Chemistry and Technology,Springer,Metrics,2017,39,6,368-372
9751483,9751505,Journal of Young Pharmacists,Wolters Kluwer: Medknow Publications,Radar,2018,10,4,497-499
9725555,,"JP Journal of Algebra, Number Theory and Applications",Pushpa Publishing House,Radar,2017,39,6,1003-1022
0972415X,,JP Journal of Geometry and Topology,Pushpa Publishing House,Radar,2017,20,4,427-441
229830,13349090,Kemija u Industriji,Hrvatsko drustvo kemijskih inzenjera i tehnologa/Croatian Society of Chemical Engineers,Metrics,2017,66,43416,716-718
9426051,25104209,Kinderanalyse,J.C. Cotta''Sche Buchhandlung Nachvolger Gmbh,Metrics,2018,26,4,353-361
9425403,21906246,Kindheit und Entwicklung,Hogrefe Verlag GmbH & Co. KG,Radar,2021,30,2,127-134
13432826,18811191,Kitakanto Medical Journal,Kitakanto Medical Society,Metrics,2018,68,3,176
12107921,25709402,Klinicka Biochemie a Metabolismus,Czech Medical Association J.E. Purkyne,Metrics,2018,26,4,149-199
14304031,,Kosmetische Medizin,gmc Gesundheitsmedien und Congress GmbH,Metrics,2016,37,5,182-183
20514883,20514891,Kurdish Studies,Society of History and Cultural Studies,Publication Concerns,2022,10,2,71-72
18634672,,Larmbekampfung,Springer,Metrics,2020,15,3,86-94
14716577,,LC-GC Europe,Advanstar Communications,Metrics,2018,31,12,694
,15831078,Leonardo Electronic Journal of Practices and Technologies,AcademicDirect,Publication Concerns,2016,15,29,127-136
,15220222,Library Philosophy and Practice ,University of Nebraska-Lincoln,Publication Concerns,2021,,,art no 6429
10978135,,Life Science Journal,Zhengzhou University,Publication Concerns,2014,11,12,-
243620,25431552,Limosa,Netherlandse Ornithologische Unie/Netherlands Ornithological Union,Metrics,2016,89,4,185-188
,17182301,Linguistics Journal,English Language Education Journals,Publication Concerns,2020,14,2,185-209
244589,,Literary Review,Fairleigh Dickinson University,Publication Concerns,2018,61,1,201-215
13449656,21878870,Lowland Technology International,International Association of Lowland Technology,Radar,2020,22,1,172-177
251569,,Man in India,Serials Publications (a.k.a. International Science Press),Publication Concerns,2017,97,26,107-119
19239335,19239343,Management Science Letters,Growing Science,Publication Concerns,2020,10,16,4045-4054
22747214,2261236X,MATEC Web of Conferences,EDP Sciences,Publication Concerns,2018,251,-,6032
17694493,23523395,Medecine du Sommeil,Elsevier: Masson,Metrics,2018,15,4,208
7592280,17652855,Medecine et Chirurgie du Pied,Springer,Metrics,2017,33,3,60-64
9760911,22498818,Media Watch,Deepak Ranjan Jena,Publication concerns,2021,12,2,288-302
,25443577,Medical Journal of Cell Biology,Sciendo,Radar,2021,9,2,93-99
22842993,25321234,Medicina e Chirurgia della Caviglia e del Piede,Edizioni Minerva Medica,Metrics,2018,42,3,74-75
0971720X,9741283,Medico-Legal Update,Institute of Medico - Legal Publications Pvt Ltd,Publication Concerns,2020,20,3,2328-2332
20283997,,Mediterranean Journal of Chemistry,Mediterranean Journal of Chemistry,Publication Concerns,2019,9,5,337-410
20399340,20392117,Mediterranean Journal of Social Sciences,Mediterranean Center of Social and Educational Research,Publication Concerns,2016,6,5S3,371-379
9319735,,Melliand Textilberichte/International Textile Reports,Deutscher Fachverlag GmbH,Metrics,2016,97,3,142-143
3736873,17969816,Memoranda - Societatis pro Fauna et Flora Fennica,Societas Pro Fauna Et Flora Fennica,Metrics,2018,94,-,119-126
1756834X,,Mental Health in Family Medicine,iMedPub,Publication Concerns,2013,10,2,113-121
20760507,20788312,Metallurgical and Mining Industry,"Ukrmetallurginform""STA"" Ltd.",Publication Concerns,2015,7,12,-
19909233,19998147,Middle East Journal of Scientific Research,International Digital Organization for Scientific Information (IDOSI),Publication Concerns,2014,20,12,-
17418984,17418992,Migration letters,Transnational Press London Ltd,Publication Concerns,2022,19,6,965-981
,13453041,Mitsubishi Electric Advance,Mitsubishi Electric Corporation,Publication Concerns,2018,164,4,18-20
1574017X,1875905X ,Mobile Information Systems,Hindawi Publishing Corporation,Radar,2023,,,Art.No:9916531
12595985,,"Modelling, Measurement and Control A",AMSE Press,Publication Concerns,2018,91,4,222-232
12595969,,"Modelling, Measurement and Control B",International Information and Engineering Technology Association,Publication Concerns,2018,87,3,207-212
12595977,,"Modelling, Measurement and Control C",AMSE Press,Publication Concerns,2018,79,3,146-153
19131844,19131852,Modern Applied Science,Canadian Center of Science and Education,Publication Concerns,2015,9,6,-
2786419,19348428,Moscow University Computational Mathematics and Cybernetics,Springer,Metrics,2017,41,4,193-198
19970854,25876341,Music Scholarship,"Scholarly-Methodical Center ""Innovation Art Studies""",Publication Concerns,2021,,2,232-242
19414900,19414919,Nanoscience and Nanotechnology Letters,American Scientific Publishers,Radar,2017,9,11,1781-1785
,22313206,"National Journal of Physiology, Pharmacy and Pharmacology",Mrs Dipika Charan for MedScience Publishers,Publication Concerns,2017,7,12,1447-1448
,21489637,Natural Volatiles and Essential Oils,Badebio Biotechnololgy Ltd,Publication Concerns,2021,8,4,3313-3324
15708306,,Nederlands Tijdschrift voor Klinische Chemie en Laboratoriumgeneeskunde,Nederlandse Vereniging voor Klinische Chemie en Laboratoriumgeneeskunde,Metrics,2017,42,2,71-72
,22208879,Network Biology,International Academy of Ecology and Environmental Sciences,Publication Concerns,2017,7,4,98-104
10615369,,Neural Parallel and Scientific Computations,"Dynamic Systems and Applications, Dynamic Publishers, Inc,",Publication Concerns,2015,23,4,487-498
18197124,18197132,Neurochemical Journal,Springer,Metrics,2017,11,4,340-345
,13035150,NeuroQuantology ,Anka Publishers,Publication Concerns,2022,20,2,69-75
3005224,,Nieren- und Hochdruckkrankheiten,Dustri-Verlag Dr. Karl Feistle,Metrics,2017,46,12,541-542
19515995,,Obesite,Springer,Metrics,2016,11,4,250-253
3624064,19383851,Occupational Health and Safety,1105 Media Inc.,Publication Concerns,2018,,December,No page range
0030154X,1881154X,Okajimas Folia Anatomica Japonica,Okajimas Folia Anatomica Yaponika Henshubu,Metrics,2017,94,2,65-74
,23314737,Oncoscience,Impact Journals LLC,Publication Concerns,2017,4,43781,199-214
,10121587,Opcion,Universidad del Zulia,Publication Concerns,2020,36,27 (spec. iss),1766-1783
,18579655,Open Access Macedonian Journal of Medical Sciences,Scientific Foundation SPIROSKI,Publication Concerns,2022,10,T7,38-41
,18741290,Open Electrical and Electronic Engineering Journal,Bentham Science Publishers,Publication Concerns,2018,12,1,1-147
18742793,,Open Infectious Diseases Journal,Bentham Open,Publication Concerns,2015,9,1,30-34
,1874088X,Open Materials Science Journal,Bentham Science Publishers,Publication Concerns,2018,12,1,68-81
,18748341,Open Petroleum Engineering Journal,Bentham Science Publishers,Publication Concerns,2018,11,1,1-128
0970020X,22315039,Oriental Journal of Chemistry,"OSPC Oriental Scientific Publishing Company, Inc.",Radar,2018,34,5,2211-2688
305707,,Ornithologische Beobachter,Schweizerische Gesellschaft fuer Vogalkunde und Vogalschutz,Metrics,2017,114,2,87-96
16159071,16118928,Osteopathische Medizin,Elsevier:  Urban und Fischer,Metrics,2017,18,4,30-32
0945358X,16137566,Osterreichische Wasser- Und Abfallwirtschaft,Springer,Metrics,2019,71,3,211-212
12107867,,Otorinolaryngologie a Foniatrie,Nakladatelske Stredisko CLSJE Purkyne,Metrics,2017,66,4,219
18121837,23127791,Pakistan Journal of Biotechnology,Dr. Muhammed Umar Dahot,Radar,2017,14,4,833-838
19967195,,Pakistan Journal of Medical and Health Sciences,Lahore Medical And Dental College,Publication Concerns,2021,15,4,889-890
16805194,19947984,Pakistan Journal of Nutrition,ANSI Asian Network for Scientific Information,Publication Concerns,2018,18,3,201-200
311847,,Parazitologiia,Russian Academy of Sciences,Metrics,2017,51,4,354-365
8879672,,PCI Journal,Precast - Prestressed Concrete Institute,Metrics,2017,62,6,96
11358831,,Pediatria Catalana,Societat Catalana de Pediatria,Metrics,2016,76,4,180-186
1641263,19425473,Pediatric Dentistry,American Academy of Pediatric Dentistry,Publication Concerns,2018,40,7,453-497
2148239X             ,2148239X             ,Pegem Egitim ve Ogretim Dergisi ,Pegem Akademi Yayincilik Egitim Danismanlik Hizmetleri Ticaret A.S.,Radar,2023,13,2,371-385
18060374,21790302,Periodico Tche Quimica,Tche Quimica Group,Publication concerns,2020,17,36,994-1003
9703012,,Pestology,Scientific Publishers (India),Publication Concerns,2021,45,1,36-40
10105409,,Pharma Kritik,Infomed-Verlags-AG,Radar,2021,42,5,No page range
,9758216,Pharma Research,Sudarshan Publications,Publication Concerns,2015,13,1,49-56
11396202,,Pharmaceutical Care Espana,Fundacion Pharmaceutical Care Espana,Metrics,2017,19,2,56-57
9731296,9764062,Pharmacognosy Magazine,Wolters Kluwer: Medknow Publications,Radar,2018,14,59,495-682
9764836,9748490,Pharmacognosy Research,Wolters Kluwer: Medknow Publications,Radar,2018,10,4,437-441
9737847,9762787,Pharmacognosy Reviews,Wolters Kluwer: Medknow Publications,Publication Concerns,2018,12,24,250-255
,18278620,Pharmacologyonline,SILAE (Italo-Latin American Society of Ethnomedicine),Publication Concerns,2021,3,,2099-2108
,15421945,Pharmacopeial Forum,United States Pharmacopeial Convension Inc.,Metrics,2017,43,6,-
318280,,Phlebologie,Societe Francaise De Phlebologie,Metrics,2018,71,4,103-108
12860107,,Phlebolymphology,Les Laboratoires Servier,Metrics,2017,24,3,160-167
8361398,23712236,Physics Essays,Physics Essays Publication,Metrics,2017,30,4,450-454
792047,,Phyton,Verlag Ferdinand Berger and Soehne GmbH,Metrics,2016,56,2,303-312
9725210,25816063,Plant Archives,Dr. R.S. Yadab,Publication Concerns,2020,20,suppl. 2,
9722025,,Plant Cell Biotechnology and Molecular Biology,Society of Biology and Biotechnology,Publication concerns,2021,22,34,145-154
18173721,18188745,Plant Tissue Culture and Biotechnology,Bangladesh Association for Plant Tissue Culture and Biotechnology (BAPTC&B),Metrics,2017,27,2,241-256
2578050,,Pollution Research,EM International,Continuous curation,2021,40,May Suppl.,249-255
0032423X,,Ponte,Vallechi Editore,Publication Concerns,2017,73,10,-
794252,,Postepy Mikrobiologii,Polskie Towarzystwo Mikrobiologow-Polish Society Of Microbiologists,Metrics,2018,57,3,278-285
326291,18054536,Pracovni Lekarstvi,Czech Medical Association J.E. Purkyne,Metrics,2017,69,03-Apr,93-98
0937552X,,Pravention und Rehabilitation,Dustri-Verlag Dr. Karl Feistle,Metrics,2017,29,1,21-19
0032745X ,,Prensa Medica Argentina,Ediciones Médicas del Sur S.R.L.,Publication Concerns,2019,105,11,775-860
18227864,25387111,Problems of Education in the 21st Century,Scientia Socialis Ltd.,Publication Concerns,2019,77,6,806-834
 ,21698767,Proceedings of the International Conference on Industrial Engineering and Operations Management,IEOM Society,Publication Concerns,2021,,,7548-7549
13300652,13339117,Prostor,University of Zagreb Faculty of Architecture,Metrics,2018,26,2,403
25673742,,Prozesswaerme,Vulkan Verlag Gmbh,Metrics,2018,-,8,81-88
332291,24499498,Przeglad Papierniczy,Wydawnictwo SIGMA-NOT,Metrics,2017,73,9,644-650
332623,25104187,Psyche,Verlag Klett-Cotta,Metrics,2017,71,12,1121-1151
0079726X,21025320,Psychiatrie de l'Enfant,Presses Universitaires de France,Metrics,2018,61,2,441
14608235,1755201X,Psychoanalysis and History,Edinburgh University Press,Metrics,2017,19,3,379-406
333077,15536939,Psychology and Education,Psychology and Education,Publication concerns,2019,-,-,-
12452092,17821487,Psychotropes,De Boeck Universite,Metrics,2017,23,2,111-126
2115557,23854472,Quaderns de l'Institut Catala d'Antropologia,Institut Catala d'antropologia,Radar,2018,23,1,85-102
,14791072,Quality in Primary Care,iMedPub,Publication Concerns,2014,22,4,-
339563,,Rassegna di Patologia dell''Apparato Respiratorio,AIPO Ricerche Srl,Metrics,2016,31,6,350-351
20596588,20596596,Remittances Review ,Transnational Press London Ltd.,Publication Concerns,2022,7,2,129-151
,22656294,Res Militaris,Association Res Militaris,Publication Concerns,2022,13,1,393-404
19233981,1923399X,Research in World Economy,Sciendu Press,Publication Concerns,2020,11,6,234-246
1815932X,19936079,Research Journal of Applied Sciences,Medwell Journals,Publication Concerns,2016,11,11,1432-1435
20407459,20407467,"Research Journal of Applied Sciences, Engineering and Technology",Maxwell Scientific Publications,Publication Concerns,2015,10,12,-
18164919,21520461,Research Journal of Botany,Academic Journals Inc.,Publication Concerns,2016,11,11,1432-1435
18191932,21520437,Research Journal of Business Management,Academic Journals Inc.,Publication Concerns,2016,10,4,74-85
18193404,21518297,Research Journal of Cardiology,Academic Journals Inc.,Publication Concerns,2016,9,1,Aug-16
18193420,,Research Journal of Environmental Toxicology,Academic Journals Inc.,Publication Concerns,2016,10,4,213-219
19947909,20772211,Research Journal of Immunology,ANSI Asian Network for Scientific Information,Publication Concerns,2018,11,1,15-21
18157432,21517959,Research Journal of Information Technology,Academic Journals Inc.,Publication Concerns,2016,8,3,98-104
18159346,19936095,Research Journal of Medical Sciences,Medwell Journals,Publication Concerns,2016,10,4,707-710
18193455,21517924,Research Journal of Medicinal Plant,Academic Journals Inc.,Publication Concerns,2016,10,8,457-462
18164935,,Research Journal of Microbiology,Academic Journals Inc.,Publication Concerns,2016,11,6,202-207
19947925,2077222X,Research Journal of Obstetrics and Gynecology,ANSI Asian Network for Scientific Information,Publication Concerns,2018,11,1,41-48
18164943,,Research Journal of Parasitology,Academic Journals Inc.,Publication Concerns,2016,11,3,73-78
,9758585,"Research Journal of Pharmaceutical, Biological and Chemical Sciences",Gravis Bioinfotech PVT Ltd.,Publication Concerns,2017,8,2,1940-1946
18159362,19936109,Research Journal of Pharmacology,Medwell Journals,Publication Concerns,2016,10,1,01-May
18193471,21516081,Research Journal of Phytochemistry,Academic Journals Inc.,Publication Concerns,2016,10,2,75-80
18193552,21516146,Research Journal of Seed Science,Academic Journals Inc.,Publication Concerns,2016,9,2,48-53
18193560,21517258,Research Journal of Toxins,Academic Journals Inc.,Publication Concerns,2016,8,1,Aug-14
19187173,19187181,Review of European Studies,Canadian Center of Science and Education,Publication Concerns,2015,7,11,-
,21460353,Review of International Geographical Education Online,Eskisehir Osmangazi University,Publication Concerns,2021,11,8,1883-1887
21680965,21680973,Reviews of Adhesion and Adhesives,ResearchTrentz Academy Publishing Education Services,Publication Concerns,2022,10,2,18-35
3276716,18517951,Revista Argentina de Clinica Psicologica,Raffles Connect PTE LTD,Radar,2020,29,5,266-281
3264610,18513034,Revista Argentina de Endocrinologia y Metabolismo,Sociedad Argentina de Endocrinologia y Metabolismo,Metrics,2017,54,1,50
15178692,18069940,Revista Brasileira de Medicina do Esporte,Redprint Editora Ltda,Publication Concerns,2023,29,,Article nr:e2023_0054
7175698,7177348,Revista Chilena de Enfermedades Respiratorias,Editorial IKU,Metrics,2016,32,4,254-259
347493,15612945,Revista Cubana de Cirugia,Centro Nacional de Informacion de CIencias Medicas,Metrics,2017,56,4,No page range
347523,1561302X,Revista Cubana de Medicina,Editorial Ciencias Medicas,Metrics,2017,56,2,No page range
347752,26688212,Revista de Chimie (Bucuresti),Syscom 18 s.r.l.,Publication concerns,2020,71,11,101-110
7981171,24779598,Revista de Filosofia (Venezuela),Universidad del Zulia,Publication concerns,2022,39,102,674-687
,16970748,Revista de Toxicologia,Asociacion Espanola de Toxicologia,Metrics,2017,34,2,153-160
18884008,19890389,Revista del Laboratorio Clinico,Elsevier: Doyma,Metrics,2018,11,4,238
,7981015,Revista Espacios,Sociacion de Profesionales y Tecnicos del CONICIT,Publication Concerns,2019,40,44,29-30
1851918,2448492X,Revista Mexicana de Ciencias Politicas y Sociales,"Facultad de Ciencias Politicas y Sociales, UNAM",Continuous curation,2020,65,239,409-414
18416624,22845623,Revista Romana de Medicina de Laborator,"University Press, Tirgu Mures",Metrics,2018,26,4,497-502
11644796,21052603,Revue Francaise de Psychosomatique,Presses Universitaires de France,Metrics,2018,54,2,157-169
1773035X,,Revue Francophone des Laboratoires,Elsevier,Metrics,2016,2016,487,90
18762204,18762212,Revue Francophone d'Orthoptie,Elsevier: Masson,Metrics,2018,11,4,244
16641531,22352155,Revue Internationale de Soins Palliatifs,Editions Medecine et Hygiene,Radar,2019,34,4,139-142
12245984,22483942,Romanian Biotechnological Letters,Editura Universitatea din Bucuresti,Publication Concerns,2016,21,6,12147 - 12154
,9752935,Rupkatha Journal on Interdisciplinary Studies in Humanities,Aesthetics Media Services,Publication Concerns,2022,14,4,001-019
20738099,,Russian Journal of Biopharmaceuticals,Folium Publishing Company,Radar,2020,12,3,57-60
25004255,25001442,Russian Journal of Criminology,Baikal National University of Economics and Law,Publication concerns,2020,14,2,351-366
10623604,16083326,Russian Journal of Developmental Biology,Springer,Metrics,2017,48,6,385-392
2147611X,,Science and Technology,"International Society for Technology, Education, and Science",Publ concerns / Cont Curation,2023,11,5,1346-1365
13479466,,Science and Technology of Energetic Materials,Japan Explosives Society,Metrics,2017,78,43163,105-110
,26586762,Science for Education Today,Novosibirsk State Pedagogical University,Radar,2020,10,6,252-272
19472935,19472943,Science of Advanced Materials,American Scientific Publishers,Radar,2017,9,12,2234-2239
2940337,17775914,Sciences Sociales et Sante,John Libbey Eurotext,Metrics,2018,36,4,5-118
1454864X,23928956,Scientific Bulletin of Naval Academy,Naval Academy Publishing House,Publ. concerns/,2021,24,1,254-263
10589244,1875919X ,Scientific Programming ,Hindawi Publishing Corporation,Radar,2023,,,Art. No:9983781
8903670,19455127,Scientist,Scientist Inc.,Publication Concerns,2018,32,12,No page range
11382074,21719721,SD Revista Medica Internacional Sobre el Sindrome de Down,Elsevier,Metrics,2017,21,3,46-50
19390114,19390122 ,Security and Communication Networks ,Hindawi Limited,Publication Concerns,2023,,,Art.no9998433
1546198X,15461971,Sensor Letters,American Scientific Publishers,Publication Concerns,2017,15,12,1023-1030
17265479,,Sensors and Transducers,International Frequency Sensor Association (IFSA),Publication Concerns,2014,175,7,No page range
13118706,,Silva Balcanica,Bulgarian Academy of Sciences,Metrics,2017,18,1,75-80
18185800,19936125,Social Sciences,Medwell Journals,Publication Concerns,2016,11,27,6572-6577
19622287,,Soins Cadres,Elsevier: Masson,Metrics,2017,26,103,59-61
8990220,13691651,Somatosensory and Motor Research,Informa:  Taylor & Francis,Metrics,2017,34,4,265-272
18193382,,Space Research Journal,Academic Journals Inc.,Publication Concerns,2016,9,1,01-Sep
,27523829,Stochastic Modelling and Computational Sciences ,Roman Science Publications and Distributions,Publication Concerns,2023,3,1,129-136
1582540X,23445467,"Studii si Cercetari Stiintifice, Chimie si Inginerie Chimica, Biotehnologii, Industrie Alimentara",University of Bacau,Continuous curation,2020,21,2,279-288
15381242,15597202,Surveying and Land Information Science,American Congress On Surveying And Mapping,Metrics,2018,77,2,139-151
0039646X,,Svensk Botanisk Tidskrift,Svenska Botaniska Foereningen,Metrics,2017,111,6,348-350
10131469,,SWS - Rundschau,Sozialwissenschaftliche Studiengesellschaft,Radar,2019,59,4,450-464
9758453,9762779,Systematic Reviews in Pharmacy,Wolters Kluwer Health,Publication concerns,2020,11,12,2380-2389
18690459,18692885,Talent Development and Excellence,International Research Association for Talent Development and Excellence (IRATDE),Publication concerns,2019,11,2,Jan-13
,26959933,"TECHNO Review. International Technology, Science and Society Review / Revista Internacional de Tecnologia, Ciencia y Sociedad",Eagora Science,Radar,2023,15,1,91-105
3875547,,Teikyo Medical Journal,Teikyo Daigaku,Metrics,2020,43,3,105-109
4925882,18491537,Tekstil,Croatian Association of Textile Engineers,Metrics,2016,65,44654,136-137
3404927,,Telma,Deutsche Gesellschaft fuer Moor- und Torfkunde e.V.,Metrics,2015,45,,187-196
,20943938,Tesol International Journal,English Language Education Publishing,Publication Concerns,2021,16,5,205-240
1934120,,Test Engineering and Management,"Mattingley Publishing Co., Inc.",Publication Concerns,2020,83,,6592-6599
,21749094,The International Arabic Journal of Antimicrobial Agents ﻿,iMedPub,Publication Concerns,2015,5,1,No page range
2504952,22352112,Therapie Familiale,Editions Medecine et Hygiene,Metrics,2018,39,3,349
0371683X,17849721,Tijdschrift voor Geneeskunde,Tijdschrift Voor Geneeskunde A.S.B.L.,Radar,2020,76,12,580-583
,23339748,Tobacco Regulatory Science,Tobacco Regulatory Science Group,Publication Concerns,2021,7,4,469-473
9462104,,Trace Elements and Electrolytes,Dustri-Verlag Dr. Karl Feistle,Metrics,2016,33,4,162-170
7650019,19585608,Traitement du Signal,Lavoisier,Radar,2023,40,4,2312-2320
21720479,,Translational Biomedicine,iMedPub,Publication Concerns,2015,6,2,No page range
19947941,20772254,Trends in Bioinformatics,ANSI Asian Network for Scientific Information,Publication Concerns,2018,11,2,56-63
18193587,21516065,Trends In Medical Research,Academic Journals Inc.,Publication Concerns,2016,11,2,82-87
13011375,21469113,Turk Serebrovaskuler Hastaliklar Dergisi,Turkish Society of Cerebrovascular Diseases,Metrics,2016,22,3,113-135
,13094653,Turkisch Journal of Computer and Mathematics Education,Turkbilmat Egitim Hizmetleri,Publication Concerns,2020,11,3,814-841
13036521,,Turkish Online Journal of Educational Technology,Sakarya University,Publication Concerns,2017,16,4,187-194
,13096591,Turkish Online Journal of Qualitative Inquiry,Abdullah Kuzu,Publication Concerns,2020,11,4,599-617
23319712,23319720,Universal Journal of Accounting and Finance,Horizon Reseach Publishing,Publication Concerns,2022,10,1,358-366
23323205,23323213,Universal Journal of Educational Research,Horizon Reseach Publishing,Publication Concerns,2020,8,11C,136-148
23323280,23323299,Universal Journal of Electrical and Electronic Engineering,Horizon Research Publishing,Publication Concerns,2019,6,5b,103-114
23323353,23323361,Universal Journal of Mechanical Engineering,Horizon Research Publishing,Publication Concerns,2019,7,6C,32-36
24152897,22183620,Universidad y Sociedad,"University of Cienfuegos, Carlos Rafael Rodriguez",Publication Concerns,2023,15,3,772-780
13165216,24779555,Utopia y Praxis Latinoamericana,Universidad del Zulia,Radar,2020,25,Extra 13,225-243
0174738X,,Verdauungskrankheiten,Dustri-Verlag Dr. Karl Feistle,Metrics,2017,35,1,39-40
,19944659,Veterinary Research,Medwell Journals,Publication Concerns,2015,8,1,01-Aug
,18490336,Vjesnik za Arheologiju i Povijest Dalmatinsku,Archaeological Museum in Split,Metrics,2017,110,2,677-700
496650,,Vogelwarte,Deutsche Ornithologen-Gesellschaft,Metrics,2018,56,3,161-288
428779,,Voprosy Istorii  ,"Rossiiskaya Akademiya Nauk, Institut Istorii (Russian Academy of Sciences, Institute of General Hist)",Publication Concerns,2022,6,1,143-152
23053488,,Water and Ecology: Problems and Solutions,St. Petersburg State University of Architecture and Civil Engineering,Publication concerns,2020,25,3,79-84
17455030,17455049,Waves in Random and Complex Media  ,Taylor & Francis,Radar,2023,33,3,841-859
1735188X,,Webology,Webology Center,Publication Concerns,2021,18,Special issue,1137-1157
15308669,15308677,Wireless Communications and Mobile Computing ,Hindawi Limited,Radar,2023,,,Art.No: 9898169
18293824,,Wisdom,Khachatur Abovyan Armenian State Pedagogical University,Publication Concerns,2022,22,2,277-288
,17433525,WIT Transactions on Biomedicine and Health,WIT press,Publication Concerns,2014,18,,1267-1274
,17433517,WIT Transactions on Information and Communication Technologies,WIT press,Publication Concerns,2014,58,,615-625
,1743355X,WIT transactions on Modelling and Simulation,WIT press,Publication Concerns,2014,60,,1389-1396
18184952,19916426,World Applied Sciences Journal,International Digital Organization for Scientific Information (IDOSI),Publication Concerns,2016,34,5,571-580
15564002,25776584,World Heart Journal,Nova Science Publishers Inc.,Radar,2020,12,4,367-372
,23078960,World Journal of Clinical Cases,Baishideng Publishing Group Inc,Publication concerns,2023,11,4,972-978
,22184333,World Journal of Clinical Oncology,Baishideng Publishing Group Co,Publication Concerns,2018,9,8,200-207
18173055,19904061,World Journal of Medical Sciences,International Digital Organization for Scientific Information (IDOSI),Publication Concerns,2014,10,3,No page range
17467233,,World Journal of Modelling and Simulation,World Academic Union (World Academic Press),Publication Concerns,2017,1,37,44
13091506,13090348,World Journal on Educational Technology,Birlesik Dunya Yenilik Arastirma ve Yayincilik Merkezi,Publication Concerns,2022,14,5,1634-1641
22242864,11092742,WSEAS Transactions on Communications,World Scientific and Engineering Academy and Society,Publication Concerns,2014,13,,No page range
22242872,11092750,WSEAS Transactions on Computers,World Scientific and Engineering Academy and Society,Publication Concerns,2014,13,,No page range
22243488,17905052,WSEAS Transactions on Signal Processing,World Scientific and Engineering Academy and Society,Publication Concerns,2014,13,,No page range
10011749,,Wutan Huatan Jisuan Jishu,China National Publications Import and Export (Group) Corporation,RADAR,2019,41,5,697-704
9170480,18819664,Zairyo to Kankyo,Japan Society Of Corrosion Engineering,Metrics,2018,67,6,267
9467998,,Zeitschrift fur Feldherpetologie,Laurenti Verlag,Metrics,2018,25,2,225-233
14361957,,Zeitschrift fur Soziologie der Erziehung und Sozialisation,Juventa Verlag GmbH,Radar,2019,39,4,400-423
9426086,,Zentralsterilisation - Central Service,mhp-Verlag,Metrics,2017,25,2,111-116
16188950,,"ZFV - Zeitschrift fur Geodasie, Geoinformation und Landmanagement",Verlag Dr. Bernd Wiissner,Radar,2020,,4,254-261
3410552,,Ziegelindustrie International/Brick and Tile Industry International,Bauverlag Gmbh,Metrics,2018,2018,6,44-49
23661313,,ZKG International,Bauverlag BV Gmbh,Metrics,2017,70,12,48-61
