uniqueid,title,start_academic_month,start_academic_year,end_academic_month,end_academic_year,first_author,second_author,third_author,other_authors,is_student_author,student_name,student_batch,specification,publication_type,publication_name,publisher,year_of_publishing,month_of_publishing,volume,page_number,indexing,quartile,citation,doi,front_page_path,url,ISSN,verified,admin_verified
2018JUL101007s4165001800092,State of Art: Vertical Handover Decision Schemes in Next-Generation Wireless Network,JUL,2018,JUN,2019,E. M. Malathy,Vijayalakshmi Muthuswamy,None,None,NULL,NULL,NULL,article,Journal,Journal of Communications and Information Networks,Institute of Electrical and Electronics Engineers (IEEE),2018,3,3,43-52,Scopus,NULL,26,10.1007/s41650-018-0009-2,NULL,http://dx.doi.org/10.1007/s41650-018-0009-2,2096-1081 2509-3312,FALSE,FALSE
2015JUL101007978981194960947,M-SHIELD - An Application for Tracking Lost Phones,JUL,2015,JUN,2016,"Chetna, J.A.","Indirapriyadarshini, A.","Karthika, S.",None,NULL,NULL,NULL,inbook,Book Chapter,Inventive Communication and Computational Technologies. Lecture Notes in Networks and Systems,Springer Singapore,2022,11,383,591-609,NULL,NULL,0,10.1007/978-981-19-4960-9_47,NULL,https://doi.org/10.1007/978-981-19-4960-9_47,978-981-19-4960-9,FALSE,FALSE
2015JUL101016jjnca2020102763,A survey on technologies and security protocols: Reference for future generation IoT,JUL,2015,JUN,2016,R. Yugha,S. Chithra,NULL,NULL,NULL,NULL,NULL,article,Journal,Journal of Network and Computer Applications,Elsevier BV,2020,11,169,102763,Web of Sciences,NULL,70,10.1016/j.jnca.2020.102763,NULL,http://dx.doi.org/10.1016/j.jnca.2020.102763,1084-8045,FALSE,FALSE
2015JUL1010800883951420212001176,Texture Image Classification and Retrieval Using Multi-resolution Radial Gradient Binary Pattern,JUL,2022,JUN,2023,Latha Kumaresan Pavithra,Thangaswamy Sree Sharmila,P Subbulakshmi,NULL,NULL,NULL,NULL,article,Journal,Applied Artificial Intelligence,Informa UK Limited,2021,12,35,2298-2326,Web of Sciences,NULL,3,10.1080/08839514.2021.2001176,NULL,http://dx.doi.org/10.1080/08839514.2021.2001176,0883-9514 1087-6545,FALSE,FALSE
2015JUL10242050327671620226003,A Layer-Wise Relevance Propagation Based Feature Selection and Hybid Classification Model for Automatic Detection of Parkinson's Disease Using Gait Signals,JUL,2015,JUN,2016,Swathika R,Radha N,None,None,No,NULL,NULL,article,Journal,Revista Argentina de Clinica Psicologica,Fundacion Aigle,2022,NULL,31,24-35,ISSN,NULL,9,10.24205/03276716.2022.6003,NULL,https://www.revistaclinicapsicologica.com/data-cms/articles/20221220023924pm6003.pdf,3276716,FALSE,FALSE
2015JUL103233jifs210540,Veracity assessment by single and multi-source identification algorithms during the crisis,JUL,2022,JUN,2023,P. Suthanthiradevi,S. Karthika,None,None,NULL,NULL,NULL,article,Journal,Journal of Intelligent &amp;amp; Fuzzy Systems,IOS Press,2022,2,42,1421-1431,Web of Sciences,NULL,1,10.3233/jifs-210540,NULL,http://dx.doi.org/10.3233/jifs-210540,1064-1246 1875-8967,FALSE,FALSE
2018JUL101007978331973606814,Feature Engineering and Characterization of Classifiers for Consumer Health Information Search,JUL,2018,JUN,2019,D. Thenmozhi,P. Mirunalini,Chandrabose Aravindan,None,NULL,NULL,NULL,inbook,Book Chapter,Text Processing,Springer International Publishing,2018,1,10478,182-196,NULL,NULL,1,10.1007/978-3-319-73606-8_14,NULL,http://dx.doi.org/10.1007/978-3-319-73606-8_14,0302-9743 1611-3349,FALSE,FALSE
2018JUL101007978981104765737,An ECC-Based Algorithm to Handle Secure Communication Between Heterogeneous IoT Devices,JUL,2018,JUN,2019,S. Sasirekha,S. Swamynathan,S. Suganya,None,NULL,NULL,NULL,inbook,Book Chapter,Lecture Notes in Electrical Engineering,Springer Singapore,2017,10,0,351-362,NULL,NULL,5,10.1007/978-981-10-4765-7_37,NULL,http://dx.doi.org/10.1007/978-981-10-4765-7_37,1876-1100 1876-1119,FALSE,FALSE
2018JUL101007978981107635021,A Generic Context-Aware Service Discovery Architecture for IoT Services,JUL,2018,JUN,2019,S. Sasirekha,S. Swamynathan,S. Keerthana,None,NULL,NULL,NULL,inbook,Book Chapter,Communications in Computer and Information Science,Springer Singapore,2017,12,808,273-283,NULL,NULL,2,10.1007/978-981-10-7635-0_21,NULL,http://dx.doi.org/10.1007/978-981-10-7635-0_21,1865-0929 1865-0937,FALSE,FALSE
2018JUL101007978981108201622,Communalyzer--Understanding Life Cycle of Community in Social Networks,JUL,2018,JUN,2019,S. Karthika,R. Geetha,None,None,NULL,NULL,NULL,inbook,Book Chapter,Innovations in Computer Science and Engineering,Springer Singapore,2018,5,32,197-204,NULL,NULL,1,10.1007/978-981-10-8201-6_22,NULL,http://dx.doi.org/10.1007/978-981-10-8201-6_22,2367-3370 2367-3389,FALSE,FALSE
2018JUL101007978981108633520,RCE-OIE: Open Information Extraction Using a Rule-Based Clause Extraction Engine for Semantic Applications,JUL,2018,JUN,2019,D. Thenmozhi,Chandrabose Aravindan,None,None,NULL,NULL,NULL,inbook,Book Chapter,Advances in Intelligent Systems and Computing,Springer Singapore,2018,11,709,191-198,NULL,NULL,0,10.1007/978-981-10-8633-5_20,NULL,http://dx.doi.org/10.1007/978-981-10-8633-5_20,2194-5357 2194-5365,FALSE,FALSE
2018JUL101007978981130586329,Video Redundancy Investigation and Cooperative Cache Model in Wireless Network,JUL,2018,JUN,2019,E. M. Malathy,N. Radha,None,None,NULL,NULL,NULL,inbook,Book Chapter,Information and Communication Technology for Competitive Strategies,Springer Singapore,2018,8,40,285-292,NULL,NULL,0,10.1007/978-981-13-0586-3_29,NULL,http://dx.doi.org/10.1007/978-981-13-0586-3_29,2367-3370 2367-3389,FALSE,FALSE
2018JUL101007978981131423034,A Dual Protocol Stack for Intelligent Traffic Monitoring System,JUL,2018,JUN,2019,S. Sasirekha,S. Swamynathan,None,None,NULL,NULL,NULL,inbook,Book Chapter,Communications in Computer and Information Science,Springer Singapore,2018,8,876,326-337,NULL,NULL,0,10.1007/978-981-13-1423-0_34,NULL,http://dx.doi.org/10.1007/978-981-13-1423-0_34,1865-0929 1865-0937,FALSE,FALSE
2018JUL101007978981132354613,A Comparative Evaluation of QoS-Based Network Selection Between TOPSIS and VIKOR,JUL,2018,JUN,2019,E. M. Malathy,Vijayalakshmi Muthuswamy,None,None,NULL,NULL,NULL,inbook,Book Chapter,International Conference on Innovative Computing and Communications,Springer Singapore,2018,11,56,109-115,NULL,NULL,4,10.1007/978-981-13-2354-6_13,NULL,http://dx.doi.org/10.1007/978-981-13-2354-6_13,2367-3370 2367-3389,FALSE,FALSE
2018JUL101007978981132354642,Improving Recognition of Speech System Using Multimodal Approach,JUL,2018,JUN,2019,N. Radha,A. Shahina,A. Nayeemulla Khan,None,NULL,NULL,NULL,inbook,Book Chapter,International Conference on Innovative Computing and Communications,Springer Singapore,2018,11,0,397-410,NULL,NULL,3,10.1007/978-981-13-2354-6_42,NULL,http://dx.doi.org/10.1007/978-981-13-2354-6_42,978-981-13-2354-6,FALSE,FALSE
2018JUL101007978981137166022,#BiggBoss--Long-Run Event Detection and Sentiment Mining in Twitter,JUL,2018,JUN,2019,R. Geetha,P. Suthanthira Devi,S. Karthika,None,NULL,NULL,NULL,inbook,Book Chapter,Information and Communication Technology for Sustainable Development,Springer Singapore,2019,6,933,229-237,NULL,NULL,0,10.1007/978-981-13-7166-0_22,NULL,http://dx.doi.org/10.1007/978-981-13-7166-0_22,2194-5357 2194-5365,FALSE,FALSE
2018JUL101007s0003401705679,Speech-Input Speech-Output Communication for Dysarthric Speakers Using HMM-Based Speech Recognition and Adaptive Synthesis System,JUL,2018,JUN,2019,M. Dhanalakshmi,T. A. Mariya Celin,T. Nagarajan,P. Vijayalakshmi,NULL,NULL,NULL,article,Journal,"Circuits, Systems, and Signal Processing",Springer Science and Business Media LLC,2017,5,37,674-703,Web of Sciences,Q2,8,10.1007/s00034-017-0567-9,NULL,http://dx.doi.org/10.1007/s00034-017-0567-9,0278-081X 1531-5878,FALSE,FALSE
2018JUL101007s000340170654y,Significance of Differenced EGG Signal as a Spectrum in Phase Difference Computation for the Estimation of Glottal Closure Instants,JUL,2018,JUN,2019,G. Anushiya Rachel,N. Sripriya,P. Vijayalakshmi,T. Nagarajan,NULL,NULL,NULL,article,Journal,"Circuits, Systems, and Signal Processing",Springer Science and Business Media LLC,2017,9,37,2074-2097,Web of Sciences,Q2,1,10.1007/s00034-017-0654-y,NULL,http://dx.doi.org/10.1007/s00034-017-0654-y,0278-081X 1531-5878,FALSE,FALSE
2018JUL101007s0003401706596,A Multilingual to Polyglot Speech Synthesizer for Indian Languages Using a Voice-Converted Polyglot Speech Corpus,JUL,2018,JUN,2019,P. Vijayalakshmi,B. Ramani,M. P. Actlin Jeeva,T. Nagarajan,NULL,NULL,NULL,article,Journal,"Circuits, Systems, and Signal Processing",Springer Science and Business Media LLC,2017,9,37,2142-2163,Web of Sciences,Q2,4,10.1007/s00034-017-0659-6,NULL,http://dx.doi.org/10.1007/s00034-017-0659-6,0278-081X 1531-5878,FALSE,FALSE
2018JUL101007s0050001727745,Reliability score inference and recommendation using fuzzy-based technique for social media applications,JUL,2018,JUN,2019,T. Shanmuigapriya,S. Swamynathan,None,None,NULL,NULL,NULL,article,Journal,Soft Computing,Springer Science and Business Media LLC,2017,8,22,8289-8300,Web of Sciences,Q2,5,10.1007/s00500-017-2774-5,NULL,http://dx.doi.org/10.1007/s00500-017-2774-5,1432-7643 1433-7479,FALSE,FALSE
2018JUL101007s1091601809345,Behavioral Modeling for Mental Health using Machine Learning Algorithms,JUL,2018,JUN,2019,M. Srividya,S. Mohanavalli,N. Bhalaji,None,NULL,NULL,NULL,article,Journal,Journal of Medical Systems,Springer Science and Business Media LLC,2018,4,42,NULL,Web of Sciences,Q1,113,10.1007/s10916-018-0934-5,NULL,http://dx.doi.org/10.1007/s10916-018-0934-5,0148-5598 1573-689X,FALSE,FALSE
2018JUL101007s1104201859148,Disc bulge diagnostic model in axial lumbar MR images using Intervertebral disc Descriptor (IdD),JUL,2018,JUN,2019,A. Beulah,T. Sree Sharmila,V. K. Pramod,None,NULL,NULL,NULL,article,Journal,Multimedia Tools and Applications,Springer Science and Business Media LLC,2018,3,77,27215-27230,Web of Sciences,Q1,9,10.1007/s11042-018-5914-8,NULL,http://dx.doi.org/10.1007/s11042-018-5914-8,1380-7501 1573-7721,FALSE,FALSE
2018JUL101007s1104201861133,Real time blink recognition from various head pose using single eye,JUL,2018,JUN,2019,Sofia Jennifer John,Sree T. Sharmila,None,None,NULL,NULL,NULL,article,Journal,Multimedia Tools and Applications,Springer Science and Business Media LLC,2018,6,77,31331-31345,Web of Sciences,Q1,5,10.1007/s11042-018-6113-3,NULL,http://dx.doi.org/10.1007/s11042-018-6113-3,1380-7501 1573-7721,FALSE,FALSE
2018JUL101007s1104501705335,A wavelet transform based contrast enhancement method for underwater acoustic images,JUL,2018,JUN,2019,R. Priyadharsini,T. Sree Sharmila,V. Rajendran,None,NULL,NULL,NULL,article,Journal,Multidimensional Systems and Signal Processing,Springer Science and Business Media LLC,2017,11,29,1845-1859,Web of Sciences,Q2,35,10.1007/s11045-017-0533-5,NULL,http://dx.doi.org/10.1007/s11045-017-0533-5,0923-6082 1573-0824,FALSE,FALSE
2018JUL101007s1204601809427,Ontology-based Tamil-English cross-lingual information retrieval system,JUL,2018,JUN,2019,D Thenmozhi,Chandrabose Aravindan,None,None,NULL,NULL,NULL,article,Journal,Sadhana,Springer Science and Business Media LLC,2018,8,43,NULL,Web of Sciences,NULL,10,10.1007/s12046-018-0942-7,NULL,http://dx.doi.org/10.1007/s12046-018-0942-7,0256-2499 0973-7677,FALSE,FALSE
2018JUL101016jcompeleceng201708030,"An efficient framework for image retrieval using color, texture and edge features",JUL,2018,JUN,2019,L.K. Pavithra,T. Sree Sharmila,None,None,NULL,NULL,NULL,article,Journal,Computers and Electrical Engineering,Elsevier BV,2018,8,70,580-593,Web of Sciences,NULL,57,10.1016/j.compeleceng.2017.08.030,NULL,http://dx.doi.org/10.1016/j.compeleceng.2017.08.030,0045-7906,FALSE,FALSE
2018JUL101016jmicrorel201808001,Heavy ion impact on narrow band cascoded low noise amplifier,JUL,2018,JUN,2019,P. Rajendiran,R. Srinivasan,None,None,NULL,NULL,NULL,article,Journal,Microelectronics Reliability,Elsevier BV,2018,12,91,31-37,Web of Sciences,NULL,4,10.1016/j.microrel.2018.08.001,NULL,http://dx.doi.org/10.1016/j.microrel.2018.08.001,0026-2714,FALSE,FALSE
2018JUL101016jpatrec201710011,An analysis of the effect of combining standard and alternate sensor signals on recognition of syllabic units for multimodal speech recognition,JUL,2018,JUN,2019,Radha N.,Shahina A.,Prabha P.,"Preethi Sri B.T., Nayeemulla Khan A.",NULL,NULL,NULL,article,Journal,Pattern Recognition Letters,Elsevier BV,2018,11,115,39-49,Web of Sciences,Q1,6,10.1016/j.patrec.2017.10.011,NULL,http://dx.doi.org/10.1016/j.patrec.2017.10.011,0167-8655,FALSE,FALSE
2018JUL101049ietcvi20185289,Automated skin lesion segmentation of dermoscopic images using GrabCut and k-means algorithms,JUL,2018,JUN,2019,Seetharani Murugaiyan Jaisakthi,Palaniappan Mirunalini,Chandrabose Aravindan,None,NULL,NULL,NULL,article,Journal,IET Computer Vision,Institution of Engineering and Technology (IET),2018,7,12,1088-1095,Web of Sciences,NULL,60,10.1049/iet-cvi.2018.5289,NULL,http://dx.doi.org/10.1049/iet-cvi.2018.5289,1751-9632 1751-9640,FALSE,FALSE
2018JUL101111coin12158,A Naive Bayes approach for URL classification with supervised feature selection and rejection framework,JUL,2018,JUN,2019,R. Rajalakshmi,Chandrabose Aravindan,None,None,NULL,NULL,NULL,article,Journal,Computational Intelligence,Wiley,2018,1,34,363-396,Web of Sciences,Q2,25,10.1111/coin.12158,NULL,http://dx.doi.org/10.1111/coin.12158,0824-7935 1467-8640,FALSE,FALSE
2018JUL1011453265751,Pause-Based Phrase Extraction and Effective OOV Handling for Low-Resource Machine Translation Systems,JUL,2018,JUN,2019,K. Mrinalini,T. Nagarajan,P. Vijayalakshmi,None,NULL,NULL,NULL,article,Journal,ACM Transactions on Asian and Low-Resource Language Information Processing,Association for Computing Machinery (ACM),2018,12,18,Jan-22,Web of Sciences,NULL,2,10.1145/3265751,NULL,http://dx.doi.org/10.1145/3265751,2375-4699 2375-4702,FALSE,FALSE
2018JUL1014419ijetv7i31216025,Identification of Trending Topics Using Periodically  Collected Twitter Data,JUL,2018,JUN,2019,Ranjini V,Soundarya R,S Karthika,"S Mohanavalli, Srividhya .",NULL,NULL,NULL,article,Journal,International Journal of Engineering &amp;amp; Technology,Science Publishing Corporation,2018,7,7,205,Scopus,NULL,1,10.14419/ijet.v7i3.12.16025,NULL,http://dx.doi.org/10.14419/ijet.v7i3.12.16025,2227-524X,FALSE,FALSE
2018JUL1014419ijetv7i31216434,A Working Model for Mobile Charging using Wireless  Power Transmission,JUL,2018,JUN,2019,I Joe Louis Paul,S Sasirekha,D Naveen Kumar D,P S. Revanth,NULL,NULL,NULL,article,Journal,International Journal of Engineering &amp;amp; Technology,Science Publishing Corporation,2018,7,7,584,Scopus,NULL,4,10.14419/ijet.v7i3.12.16434,NULL,http://dx.doi.org/10.14419/ijet.v7i3.12.16434,2227-524X,FALSE,FALSE
2018JUL1014419ijetv7i31216463,Categorisation of Tweets Using Ensemble Classification Methods,JUL,2018,JUN,2019,S Mohanavalli,S Karthika,Srividya .,"K R.Uthayan, N Sandya",NULL,NULL,NULL,article,Journal,International Journal of Engineering &amp;amp; Technology,Science Publishing Corporation,2018,7,7,722,Scopus,NULL,1,10.14419/ijet.v7i3.12.16463,NULL,http://dx.doi.org/10.14419/ijet.v7i3.12.16463,2227-524X,FALSE,FALSE
2018JUL1014419ijetv7i31216508,Outlier Detection using Clustering Techniques,JUL,2018,JUN,2019,Srividya .,S Mohanavalli,N Sripriya,S Poornima,NULL,NULL,NULL,article,Journal,International Journal of Engineering &amp;amp; Technology,Science Publishing Corporation,2018,7,7,813,Scopus,NULL,1,10.14419/ijet.v7i3.12.16508,NULL,http://dx.doi.org/10.14419/ijet.v7i3.12.16508,2227-524X,FALSE,FALSE
2018JUL1014419ijetv7i33418971,A Smart Watchdog - Intruder Detection System,JUL,2018,JUN,2019,P Vasuki,Sesu Priya A,Soundarya R,None,NULL,NULL,NULL,article,Journal,International Journal of Engineering &amp;amp; Technology,Science Publishing Corporation,2018,9,7,231,Scopus,NULL,0,10.14419/ijet.v7i3.34.18971,NULL,http://dx.doi.org/10.14419/ijet.v7i3.34.18971,2227-524X,FALSE,FALSE
2018JUL1014419ijetv7i33418974,A Lightweight Trust Scheme for Iot,JUL,2018,JUN,2019,Dr S. Chithra,Dr N. Bhalaji,S Nandini,None,NULL,NULL,NULL,article,Journal,International Journal of Engineering &amp;amp; Technology,Science Publishing Corporation,2018,9,7,241,Scopus,NULL,1,10.14419/ijet.v7i3.34.18974,NULL,http://dx.doi.org/10.14419/ijet.v7i3.34.18974,2227-524X,FALSE,FALSE
2018JUL101504ijista2018091586,Enhanced portable text to speech converter for visually impaired,JUL,2018,JUN,2019,Chithra Selvaraj,N. Bhalaji,None,None,NULL,NULL,NULL,article,Journal,International Journal of Intelligent Systems Technologies and Applications,Inderscience Publishers,2018,5,17,42,Scopus,NULL,1,10.1504/ijista.2018.091586,NULL,http://dx.doi.org/10.1504/ijista.2018.091586,1740-8865 1740-8873,FALSE,FALSE
2018JUL101504ijista2018091590,Empirical study of feature selection methods over classification algorithms,JUL,2018,JUN,2019,N. Bhalaji,K.B. Sundhara Kumar,Chithra Selvaraj,None,NULL,NULL,NULL,article,Journal,International Journal of Intelligent Systems Technologies and Applications,Inderscience Publishers,2018,NULL,17,98,Scopus,NULL,8,10.1504/ijista.2018.091590,NULL,http://dx.doi.org/10.1504/ijista.2018.091590,1740-8865 1740-8873,FALSE,FALSE
2018JUL101504ijista201810012887,Empirical study of feature selection methods over classification algorithms,JUL,2018,JUN,2019,Chithra Selvaraj,N. Bhalaji,K.B. Sundhara Kumar,None,NULL,NULL,NULL,article,Journal,International Journal of Intelligent Systems Technologies and Applications,Inderscience Publishers,2018,NULL,17,98,NULL,NULL,3,10.1504/ijista.2018.10012887,NULL,http://dx.doi.org/10.1504/ijista.2018.10012887,1740-8865 1740-8873,FALSE,FALSE
2018JUL1018520csv115i4748752,Optic Disc and Cup Segmentation in Fundus Retinal Images Using Feature Detection and Morphological Techniques,JUL,2018,JUN,2019,R. Priyadharsini,A. Beulah,T. Sree Sharmila Anon,None,NULL,NULL,NULL,article,Journal,Current Science,Current Science Association,2018,8,115,748,NULL,NULL,9,10.18520/cs/v115/i4/748-752,NULL,http://dx.doi.org/10.18520/cs/v115/i4/748-752,0011-3891,FALSE,FALSE
2018JUL103906elk1711228,MutatedSocioAgentSim (MSAS): semisupervised modelling of multiagent simulation to predict and detect the mutation in a camouflaged social network,JUL,2018,JUN,2019,Karthika Subbaraj,Bose Sundan,None,None,NULL,None,None,article,Journal,TURKISH JOURNAL OF ELECTRICAL ENGINEERING &amp;amp; COMPUTER SCIENCES,The Scientific and Technological Research Council of Turkey (TUBITAK-ULAKBIM) - DIGITAL COMMONS JOURNALS,2018,3,26,961-973,Web of Sciences,None,1,10.3906/elk-1711-228,NULL,http://dx.doi.org/10.3906/elk-1711-228,1303-6203 1300-0632,FALSE,FALSE
2018JUL34fjdk,Text to Speech Conversion of Documents using Concatenative Speech Synthesis,JUL,2018,JUN,2019,Neharika.S,N. Radha,None,None,No,NULL,NULL,article,Journal,International Journal on Future Revolution in computer science and communication engineering,Auricle Global Society of Education and Research,2023,2,9,NULL,Scopus,NULL,0,NULL,NULL,http://www.ijfrcsce.org/index.php/ijfrcsce,2454-4248,FALSE,FALSE
2018JULrNvyrmj,Mobile Application For Out-Pass Generation,JUL,2018,JUN,2019,S. Swarnalatha,R. S. Shrikanth,I. Kesavarthini,"S. Poornima, N. Sripriya",No,NULL,NULL,article,Journal,International Journal Of Current Engineering And Scientific Research,NULL,2018,NULL,0,NULL,Scopus,NULL,0,NULL,NULL,https://troindia.in/journal/ijcesr/content.html,2394-0697,FALSE,FALSE
2018JULvK34ie3,Embodied Conversational Agent-based Control Interfaces for Home Automation System,JUL,2018,JUN,2019,Nikitha V,N. Radha,None,None,No,NULL,NULL,article,Journal,International Journal on Future Revolution in computer science and communication engineering,Auricle Global Society of Education and Research,2023,2,9,NULL,Scopus,NULL,0,NULL,NULL,http://www.ijfrcsce.org/index.php/ijfrcsce,2454-4248,FALSE,FALSE
2018JULvv56ve7,Automatic Gender recognition using ANFIS,JUL,2018,JUN,2019,Jeyaaishwarya,N. Radha,None,None,No,NULL,NULL,article,Journal,International Journal on Future Revolution in computer science and communication engineering, Auricle Global Society of Education and Research,2023,2,9,NULL,Scopus,NULL,0,NULL,NULL,http://www.ijfrcsce.org/index.php/ijfrcsce,2454-4248,FALSE,FALSE
2019JUL101002cpe5492,Load balancing in cloud computing using water wave algorithm,JUL,2019,JUN,2020,Arulkumar V,N. Bhalaji,None,None,NULL,NULL,NULL,article,Journal,Concurrency and Computation: Practice and Experience,Wiley,2019,9,34,NULL,Web of Sciences,NULL,4,10.1002/cpe.5492,NULL,http://dx.doi.org/10.1002/cpe.5492,1532-0626 1532-0634,FALSE,FALSE
2019JUL1010079783030321505124,Spinal Cord Segmentation in Lumbar MR Images,JUL,2019,JUN,2020,A. Beulah,T. Sree Sharmila,T. Kanmani,None,NULL,NULL,NULL,inbook,Book Chapter,Emerging Trends in Computing and Expert Technology,Springer Cham,2019,11,35,1226-1236,NULL,NULL,1,10.1007/978-3-030-32150-5_124,NULL,https://doi.org/10.1007/978-3-030-32150-5_124,978-3-030-32150-5,FALSE,FALSE
2019JUL10100797830303451505,Optimization of Sensing Time in Cognitive Radio Networks Based on Localization Algorithm,JUL,2019,JUN,2020,P. Poornima,S. Chithra,None,None,NULL,NULL,NULL,inbook,Book Chapter,Sustainable Communication Networks and Application,Springer International Publishing,2019,11,39,38-48,NULL,NULL,1,10.1007/978-3-030-34515-0_5,NULL,http://dx.doi.org/10.1007/978-3-030-34515-0_5,2367-4512 2367-4520,FALSE,FALSE
2019JUL101007978981137166028,Veracity Analysis and Prediction in Social Big Data,JUL,2019,JUN,2020,"Suthanthira Devi, P.","Karthika, S.","Venugopal, P.","Geetha, R.",NULL,NULL,NULL,inbook,Book Chapter,Information and Communication Technology for Sustainable Development,Springer Singapore,2019,6,933,289-298,NULL,NULL,4,10.1007/978-981-13-7166-0_28,NULL,https://doi.org/10.1007/978-981-13-7166-0_28,978-981-13-7166-0,FALSE,FALSE
2019JUL101007978981138676315,Trendingtags - Classification and Prediction of Hashtag Popularity Using Twitter Features in Machine Learning Approach Proceedings,JUL,2019,JUN,2020,P. Suthanthira Devi,R. Geetha,S. Karthika,None,NULL,NULL,NULL,inbook,Book Chapter,Advances in Intelligent Systems and Computing,Springer Singapore,2019,8,0,161-177,NULL,NULL,1,10.1007/978-981-13-8676-3_15,NULL,http://dx.doi.org/10.1007/978-981-13-8676-3_15,978-981-13-8676-3,FALSE,FALSE
2019JUL101007s0050001903962z,Enhanced analysis of border surveillance using intruders' crossing strategies,JUL,2019,JUN,2020,N. Bhalaji,S. Venkatesh,None,None,NULL,NULL,NULL,article,Journal,Soft Computing,Springer Science and Business Media LLC,2019,4,23,10623-10634,Web of Sciences,Q2,1,10.1007/s00500-019-03962-z,NULL,http://dx.doi.org/10.1007/s00500-019-03962-z,1432-7643 1433-7479,FALSE,FALSE
2019JUL101007s0053001705781,Automatic stenosis detection using SVM from CTA projection images,JUL,2019,JUN,2020,P. Mirunalini,Chandrabose Aravindan,S. M. Jaisakthi,None,NULL,NULL,NULL,article,Journal,Multimedia Systems,Springer Science and Business Media LLC,2017,12,25,83-93,Web of Sciences,Q1,3,10.1007/s00530-017-0578-1,NULL,http://dx.doi.org/10.1007/s00530-017-0578-1,0942-4962 1432-1882,FALSE,FALSE
2019JUL101007s1058601818022,Image fusion for MODIS and Landsat images using top hat based moving technique with FIS,JUL,2019,JUN,2020,R. Swathika,T. Sree Sharmila,None,None,NULL,NULL,NULL,article,Journal,Cluster Computing,Springer Science and Business Media LLC,2018,1,22,12939-12947,Web of Sciences,Q2,3,10.1007/s10586-018-1802-2,NULL,http://dx.doi.org/10.1007/s10586-018-1802-2,1386-7857 1573-7543,FALSE,FALSE
2019JUL101007s1058601822005,Brain storm-based Whale Optimization Algorithm for privacy-protected data publishing in cloud computing,JUL,2019,JUN,2020,S. Thanga Revathi,N. Ramaraj,S. Chithra,None,NULL,NULL,NULL,article,Journal,Cluster Computing,Springer Science and Business Media LLC,2018,2,22,3521-3530,Web of Sciences,Q2,20,10.1007/s10586-018-2200-5,NULL,http://dx.doi.org/10.1007/s10586-018-2200-5,1386-7857 1573-7543,FALSE,FALSE
2019JUL101007s1058601823532,An augmented approach for pseudo-free groups in smart cyber-physical system,JUL,2019,JUN,2020,M. V. Ranjith Kumar,N. Bhalaji,Swathi Singh,None,NULL,NULL,NULL,article,Journal,Cluster Computing,Springer Science and Business Media LLC,2018,3,22,673-692,Web of Sciences,Q2,2,10.1007/s10586-018-2353-2,NULL,http://dx.doi.org/10.1007/s10586-018-2353-2,1386-7857 1573-7543,FALSE,FALSE
2019JUL101007s10586019029073,An efficient seed points selection approach in dominant color descriptors (DCD),JUL,2019,JUN,2020,L. K. Pavithra,T. Sree Sharmila,None,None,NULL,NULL,NULL,article,Journal,Cluster Computing,Springer Science and Business Media LLC,2019,1,22,1225-1240,Web of Sciences,Q2,5,10.1007/s10586-019-02907-3,NULL,http://dx.doi.org/10.1007/s10586-019-02907-3,1386-7857 1573-7543,FALSE,FALSE
2019JUL101007s1082501901370y,Single-event radiation performance analysis of junction and junctionless FET-based low-noise amplifiers,JUL,2019,JUN,2020,P. Rajendiran,R. Srinivasan,None,None,NULL,NULL,NULL,article,Journal,Journal of Computational Electronics,Springer Science and Business Media LLC,2019,7,18,1162-1172,Web of Sciences,Q3,8,10.1007/s10825-019-01370-y,NULL,http://dx.doi.org/10.1007/s10825-019-01370-y,1569-8025 1572-8137,FALSE,FALSE
2019JUL101007s1104501805682,A two-level secure data hiding algorithm for video steganography,JUL,2019,JUN,2020,S. Manisha,T. Sree Sharmila,None,None,NULL,NULL,NULL,article,Journal,Multidimensional Systems and Signal Processing,Springer Science and Business Media LLC,2018,3,30,529-542,Web of Sciences,Q2,15,10.1007/s11045-018-0568-2,NULL,http://dx.doi.org/10.1007/s11045-018-0568-2,0923-6082 1573-0824,FALSE,FALSE
2019JUL101007s4187001802723,Acoustic image denoising using various spatial filtering techniques,JUL,2019,JUN,2020,M. Dhanushree,R. Priyadharsini,T. Sree Sharmila,None,NULL,NULL,NULL,article,Journal,International Journal of Information Technology,Springer Science and Business Media LLC,2019,1,11,659-665,Scopus,NULL,8,10.1007/s41870-018-0272-3,NULL,http://dx.doi.org/10.1007/s41870-018-0272-3,2511-2104 2511-2112,FALSE,FALSE
2019JUL101016jcompeleceng201803015,BCI cinematics - A pre-release analyser for movies using H2O deep learning platform,JUL,2019,JUN,2020,Sundhara Kumar K.B,Krishna G,Bhalaji N,Chithra S,NULL,NULL,NULL,article,Journal,Computers &amp;amp; Electrical Engineering,Elsevier BV,2019,3,74,547-556,Web of Sciences,NULL,6,10.1016/j.compeleceng.2018.03.015,NULL,http://dx.doi.org/10.1016/j.compeleceng.2018.03.015,0045-7906,FALSE,FALSE
2019JUL10108813616641ab591a,"An extremely fast, energy-efficient RESET process in Ge2Sb2Te5 phase change memory device revealed by the choice of electrode materials and interface effects",JUL,2019,JUN,2020,Suresh Durai,Srinivasan Raj,Anbarasu Manivannan,None,NULL,NULL,NULL,article,Journal,Semiconductor Science and Technology,IOP Publishing,2019,12,35,15022,Web of Sciences,NULL,6,10.1088/1361-6641/ab591a,NULL,http://dx.doi.org/10.1088/1361-6641/ab591a,0268-1242 1361-6641,FALSE,FALSE
2019JUL101109iccids20198862121,Med-Recommender System for Predictive Analysis of Hospitals and Doctors,JUL,2019,JUN,2020,S. Swarnalatha,I. Kesavarthini,S. Poornima,N. Sripriya,NULL,NULL,NULL,inproceedings,Conference,2019 International Conference on Computational Intelligence in Data Science (ICCIDS),IEEE,2019,2,0,NULL,NULL,NULL,4,10.1109/iccids.2019.8862121,NULL,http://dx.doi.org/10.1109/iccids.2019.8862121,NULL,FALSE,FALSE
2019JUL101109mite20188747136,Predicting Learning Behaviour of Online Course Learners' using Hybrid Deep Learning Model,JUL,2019,JUN,2020,S. Kavitha,S. Mohanavalli,B. Bharathi,None,NULL,NULL,NULL,inproceedings,Conference,"2018 IEEE 6th International Conference on MOOCs, Innovation and Technology in Education (MITE)",IEEE,2018,11,0,NULL,NULL,NULL,4,10.1109/mite.2018.8747136,NULL,http://dx.doi.org/10.1109/mite.2018.8747136,NULL,FALSE,FALSE
2019JUL101109TCAD20192927502,Impact of Thermal Boundary Resistance on the Performance and Scaling of Phase-Change Memory Device,JUL,2019,JUN,2020,S. Durai,S. Raj,A. Manivannan,None,NULL,NULL,NULL,article,Journal,IEEE Transactions on Computer-Aided Design of Integrated Circuits and Systems,Institute of Electrical and Electronics Engineers (IEEE),2020,9,39,1834 - 1840,Web of Sciences,Q1,13,10.1109/TCAD.2019.2927502,NULL,https://doi.org/10.1109/TCAD.2019.2927502,2780070,FALSE,FALSE
2019JUL101109tnsre20182887089,A Weighted Speaker-Specific Confusion Transducer-Based Augmentative and Alternative Speech Communication Aid for Dysarthric Speakers,JUL,2019,JUN,2020,T. A. Mariya Celin,G. Anushiya Rachel,T. Nagarajan,P. Vijayalakshmi,NULL,NULL,NULL,article,Journal,IEEE Transactions on Neural Systems and Rehabilitation Engineering,Institute of Electrical and Electronics Engineers (IEEE),2019,2,27,187-197,Web of Sciences,NULL,10,10.1109/tnsre.2018.2887089,NULL,http://dx.doi.org/10.1109/tnsre.2018.2887089,1534-4320 1558-0210,FALSE,FALSE
2019JUL1011171jei285053013,Direction-invariant binary pattern-encoded descriptor for texture classification and retrieval,JUL,2019,JUN,2020,Pavithra Latha Kumaresan,Sree Sharmila Thangaswamy,None,None,NULL,NULL,NULL,article,Journal,Journal of Electronic Imaging,SPIE-Intl Soc Optical Eng,2019,9,28,1,Web of Sciences,NULL,0,10.1117/1.jei.28.5.053013,NULL,http://dx.doi.org/10.1117/1.jei.28.5.053013,1017-9909,FALSE,FALSE
2019JUL101504ijcaet2019100449,A safety system for school children using GRAG,JUL,2019,JUN,2020,I. Joe Louis Paul,S. Sasirekha,None,None,NULL,NULL,NULL,article,Journal,International Journal of Computer Aided Engineering and Technology,Inderscience Publishers,2019,6,11,527,Scopus,NULL,0,10.1504/ijcaet.2019.100449,NULL,http://dx.doi.org/10.1504/ijcaet.2019.100449,1757-2657 1757-2665,FALSE,FALSE
2019JUL1018576amis13s131,A New Optimized Distributed Scheduling Service using Genetic Computing,JUL,2019,JUN,2020,A. Sandanakaruppan,N. Bhalaji,N. Ramraj,None,NULL,NULL,NULL,article,Journal,Applied Mathematics &amp;amp; Information Sciences,Natural Sciences Publishing,2019,8,13,279-285,Web of Sciences,NULL,0,10.18576/amis/13s131,NULL,http://dx.doi.org/10.18576/amis/13s131,1935-0090 2325-0399,FALSE,FALSE
2019JUL102298gensr1903805u,A novel microarray gene selection and classification using intelligent dynamic grey wolf optimization,JUL,2019,JUN,2020,K.R. Uthayan,None,None,None,NULL,NULL,NULL,article,Journal,Genetika,National Library of Serbia,2019,NULL,51,805-828,ISSN,Q3,3,10.2298/gensr1903805u,NULL,http://dx.doi.org/10.2298/gensr1903805u,0534-0012 1820-6069,FALSE,FALSE
2019JUL1035940ijeata2068109119,Epileptic Seizure Prediction Through Machine Learning and Spatio-Temporal Features Based Time Series Analysis of Intracranial Electroencephalogram Data,JUL,2019,JUN,2020,N. Ilakiyaselvan,Hardik Bhatt,Utkarsh Shukla,"A. Nayeemulla khan, A. Shahina",NULL,NULL,NULL,article,Journal,International Journal of Engineering and Advanced Technology,Blue Eyes Intelligence Engineering and Sciences Engineering and Sciences Publication - BEIESP,2019,10,9,4763-4770,NULL,NULL,0,10.35940/ijeat.a2068.109119,NULL,http://dx.doi.org/10.35940/ijeat.a2068.109119,2249-8958,FALSE,FALSE
2019JUL1035940ijeata9810109119,Prediction of West Nile Virus u sing Ensemble Classifiers,JUL,2019,JUN,2020,R. Rishickesh,A. Shahina,A. Nayeemulla Khan,None,NULL,None,None,article,Journal,International Journal of Engineering and Advanced Technology,Blue Eyes Intelligence Engineering and Sciences Engineering and Sciences Publication - BEIESP,2019,10,9,3744-3749,Scopus,None,0,10.35940/ijeat.a9810.109119,NULL,http://dx.doi.org/10.35940/ijeat.a9810.109119,2249-8958,FALSE,FALSE
2019JUL1035940ijeatf9000088619,Artificial Neural Network and Gray Level Co-Occurrence Matrix Based Automated Corrosion Detection,JUL,2019,JUN,2020,Dr.V. Thanikachalam,Dr.M.G. Kavitha,V. Bharathi,None,NULL,None,None,article,Journal,International Journal of Engineering and Advanced Technology,Blue Eyes Intelligence Engineering and Sciences Engineering and Sciences Publication - BEIESP,2019,8,8,4499-4502,Scopus,None,0,10.35940/ijeat.f9000.088619,NULL,http://dx.doi.org/10.35940/ijeat.f9000.088619,2249-8958,FALSE,FALSE
2019JUL1035940ijiteel30171081219,Identification of Duplication in Questions Posed on Knowledge Sharing Platform Quora using Machine Learning Techniques,JUL,2019,JUN,2020,R. Rishickesh,R.P. Ram Kumar,A. Shahina,A. Nayeemulla Khan,NULL,None,None,article,Journal,International Journal of Innovative Technology and Exploring Engineering,Blue Eyes Intelligence Engineering and Sciences Engineering and Sciences Publication - BEIESP,2019,10,8,2444-2451,Scopus,None,2,10.35940/ijitee.l3017.1081219,NULL,http://dx.doi.org/10.35940/ijitee.l3017.1081219,2278-3075,FALSE,FALSE
2019JUL1035940ijrteb10520882s819,RFID and PIR Motion Sensor based Automated Attendance System for Educational Institutions,JUL,2019,JUN,2020,K.Srividhyasaradha,I. Joe Louis Paul,S. Sasirekha,None,NULL,NULL,NULL,article,Journal,International Journal of Recent Technology and Engineering,Blue Eyes Intelligence Engineering and Sciences Engineering and Sciences Publication - BEIESP,2019,9,8,1275-1279,NULL,NULL,0,10.35940/ijrte.b1052.0882s819,NULL,http://dx.doi.org/10.35940/ijrte.b1052.0882s819,2277-3878,FALSE,FALSE
2019JUL1035940ijrteb11110782s319,Nelder-Mead Optimized MADM Decision Support for Vertical Handover,JUL,2019,JUN,2020,Malathy E M,Vijayalakshmi Muthuswamy,None,None,NULL,NULL,NULL,article,Journal,International Journal of Recent Technology and Engineering,Blue Eyes Intelligence Engineering and Sciences Engineering and Sciences Publication - BEIESP,2019,8,8,601-604,Scopus,NULL,0,10.35940/ijrte.b1111.0782s319,NULL,http://dx.doi.org/10.35940/ijrte.b1111.0782s319,2277-3878,FALSE,FALSE
2019JUL1036548jismac20191005,Performance Evaluation of Flying Wireless Network With Vanet Routing Protocol,JUL,2019,JUN,2020,Bhalaji N.,None,None,None,NULL,NULL,NULL,article,Journal,Journal of ISMAC,Inventive Research Organization,2016,6,1,56-70,ISSN,NULL,10,10.36548/jismac.2019.1.005,NULL,http://dx.doi.org/10.36548/jismac.2019.1.005,2582-1369,FALSE,FALSE
2019JUL1036548jtcsst20191001,QOS and Defense Enhancement Using Block Chain for Fly Wireless Networks,JUL,2019,JUN,2020,Bhalaji N,None,None,None,NULL,NULL,NULL,article,Journal,Journal of Trends in Computer Science and Smart Technology,Inventive Research Organization,2019,9,1,Jan-13,ISSN,NULL,18,10.36548/jtcsst.2019.1.001,NULL,http://dx.doi.org/10.36548/jtcsst.2019.1.001,2582-4104,FALSE,FALSE
2019JUL1036548jtcsst20191005,Delay Diminished Efficient Task Scheduling and Allocation for Heterogeneous Cloud Environment,JUL,2019,JUN,2020,Bhalaji N,None,None,None,NULL,NULL,NULL,article,Journal,Journal of Trends in Computer Science and Smart Technology,Inventive Research Organization,2019,9,1,51-62,ISSN,NULL,28,10.36548/jtcsst.2019.1.005,NULL,http://dx.doi.org/10.36548/jtcsst.2019.1.005,2582-4104,FALSE,FALSE
2019JUL103906elk180413,Optimized bilevel classifier for brain tumor type and grade discrimination usingevolutionary fuzzy computing,JUL,2019,JUN,2020,Kavitha SRINIVASAN,Mohanavalli SUBRAMANIAM,Bharathi BHAGAVATHSINGH,None,NULL,NULL,NULL,article,Journal,TURKISH JOURNAL OF ELECTRICAL ENGINEERING &amp;amp; COMPUTER SCIENCES,The Scientific and Technological Research Council of Turkey (TUBITAK-ULAKBIM) - DIGITAL COMMONS JOURNALS,2019,5,27,1704-1718,Web of Sciences,NULL,2,10.3906/elk-1804-13,NULL,http://dx.doi.org/10.3906/elk-1804-13,1303-6203,FALSE,FALSE
2019JUL104018ijiit2019100102,Speech Emotion Recognition Based on Gender Influence in Emotional Expression,JUL,2019,JUN,2020,P Vasuki,Divya Bharati R,None,None,NULL,NULL,NULL,article,Journal,International Journal of Intelligent Information Technologies,IGI Global,2019,10,15,22-40,Web of Sciences,NULL,3,10.4018/ijiit.2019100102,NULL,http://dx.doi.org/10.4018/ijiit.2019100102,1548-3657 1548-3665,FALSE,FALSE
2020JUL10100797830306346745,Sensitive Keyword Extraction Based on Cyber Keywords and LDA in Twitter to Avoid Regrets,JUL,2020,JUN,2021,R. Geetha,S. Karthika,None,None,NULL,NULL,NULL,inbook,Book Chapter,IFIP Advances in Information and Communication Technology,Springer International Publishing,2020,11,578,59-70,NULL,NULL,0,10.1007/978-3-030-63467-4_5,NULL,http://dx.doi.org/10.1007/978-3-030-63467-4_5,1868-4238 1868-422X,FALSE,FALSE
2020JUL10100797830306346747,Social Media Veracity Detection System Using Calibrate Classifier,JUL,2020,JUN,2021,P. SuthanthiraDevi,S. Karthika,None,None,NULL,NULL,NULL,inbook,Book Chapter,IFIP Advances in Information and Communication Technology,Springer International Publishing,2020,11,578,85-98,NULL,NULL,1,10.1007/978-3-030-63467-4_7,NULL,http://dx.doi.org/10.1007/978-3-030-63467-4_7,1868-4238 1868-422X,FALSE,FALSE
2020JUL1010079789811501463102,Resource Scheduling Algorithms for Cloud Computing Environment: A Literature Survey,JUL,2020,JUN,2021,V. Arulkumar,N. Bhalaji,None,None,NULL,NULL,NULL,inbook,Book Chapter,Lecture Notes in Networks and Systems,Springer Singapore,2020,1,89,1059-1069,NULL,NULL,3,10.1007/978-981-15-0146-3_102,NULL,http://dx.doi.org/10.1007/978-981-15-0146-3_102,2367-3370 2367-3389,FALSE,FALSE
2020JUL101007978981150199945,Modern Parking Business Using Blockchain and Internet of Things (IoT),JUL,2020,JUN,2021,Varun V. Narayanan,M. V. Ranjith Kumar,Kartik Saxena,"P. Madhavan, N. Bhalaji",NULL,NULL,NULL,inbook,Book Chapter,Advances in Intelligent Systems and Computing,Springer Singapore,2020,2,1056,527-535,NULL,NULL,0,10.1007/978-981-15-0199-9_45,NULL,http://dx.doi.org/10.1007/978-981-15-0199-9_45,2194-5357 2194-5365,FALSE,FALSE
2020JUL101007978981155558917,Tweet Classification Using Deep Learning Approach to Predict Sensitive Personal Data,JUL,2020,JUN,2021,R. Geetha,S. Karthika,S. Mohanavalli,None,NULL,NULL,NULL,inbook,Book Chapter,Lecture Notes in Electrical Engineering,Springer Singapore,2020,9,672,171-180,NULL,NULL,1,10.1007/978-981-15-5558-9_17,NULL,http://dx.doi.org/10.1007/978-981-15-5558-9_17,1876-1100 1876-1119,FALSE,FALSE
2020JUL101007s10772020097525,Analysis of algorithms to estimate glottal closure instants from speech signals,JUL,2020,JUN,2021,G. Anushiya Rachel,P. Vijayalakshmi,T. Nagarajan,None,NULL,NULL,NULL,article,Journal,International Journal of Speech Technology,Springer Science and Business Media LLC,2020,9,23,825-849,Web of Sciences,Q1,0,10.1007/s10772-020-09752-5,NULL,http://dx.doi.org/10.1007/s10772-020-09752-5,1381-2416 1572-8110,FALSE,FALSE
2020JUL101007s10825020015225,Reconfigurable silicon nanotube using numerical simulations,JUL,2020,JUN,2021,A. Nisha Justeena,R. Ambika,P. S. S. K. P. Sadagopan,R. Srinivasan,NULL,NULL,NULL,article,Journal,Journal of Computational Electronics,Springer Science and Business Media LLC,2020,5,19,966-974,Web of Sciences,Q3,2,10.1007/s10825-020-01522-5,NULL,http://dx.doi.org/10.1007/s10825-020-01522-5,1569-8025 1572-8137,FALSE,FALSE
2020JUL101007s1104201907872y,Multi-model fusion based satellite image classification using versatile unsupervised vector zone (VUVZ) fusion and intensive pragmatic blossoms (IPB) technique,JUL,2020,JUN,2021,R. Swathika,T. Sree Sharmila,None,NULL,NULL,NULL,NULL,article,Journal,Multimedia Tools and Applications,Springer Science and Business Media LLC,2019,8,79,4239-4260,Web of Sciences,Q1,2,10.1007/s11042-019-07872-y,NULL,http://dx.doi.org/10.1007/s11042-019-07872-y,1380-7501 1573-7721,FALSE,FALSE
2020JUL101007s11045020007134,A new multi-level radial difference encoded pattern for image classification and retrieval,JUL,2020,JUN,2021,L. K. Pavithra,T. Sree Sharmila,NULL,NULL,NULL,NULL,NULL,article,Journal,Multidimensional Systems and Signal Processing,Springer Science and Business Media LLC,2020,3,31,1411-1433,Web of Sciences,Q2,1,10.1007/s11045-020-00713-4,NULL,http://dx.doi.org/10.1007/s11045-020-00713-4,0923-6082 1573-0824,FALSE,FALSE
2020JUL101007s40009020009071,Construction and Evaluation of Tamil Speech Emotion Corpus,JUL,2020,JUN,2021,P. Vasuki,B. Sambavi,Vijesh Joe,None,NULL,NULL,NULL,article,Journal,National Academy Science Letters,Springer Science and Business Media LLC,2020,2,43,533-536,Web of Sciences,Q3,1,10.1007/s40009-020-00907-1,NULL,http://dx.doi.org/10.1007/s40009-020-00907-1,0250-541X 2250-1754,FALSE,FALSE
2020JUL101016jmejo2020104815,Reconfigurable FET-Based SRAM and Its Single Event Upset Performance Analysis Using TCAD Simulations,JUL,2020,JUN,2021,A. Nisha Justeena,R. Srinivasan,NULL,NULL,NULL,NULL,NULL,article,Journal,Microelectronics Journal,Elsevier BV,2020,7,101,104815,Web of Sciences,NULL,7,10.1016/j.mejo.2020.104815,NULL,http://dx.doi.org/10.1016/j.mejo.2020.104815,0026-2692,FALSE,FALSE
2020JUL101016jpatrec202005002,Phoneme classification in reconstructed phase space with convolutional neural networks,JUL,2020,JUN,2021,R. John Wesley,A. Nayeemulla Khan,A. Shahina,NULL,NULL,NULL,NULL,article,Journal,Pattern Recognition Letters,Elsevier BV,2020,7,135,299-306,Web of Sciences,Q1,5,10.1016/j.patrec.2020.05.002,NULL,http://dx.doi.org/10.1016/j.patrec.2020.05.002,0167-8655,FALSE,FALSE
2020JUL101016jprocs202001011,Eye Blink Detection Using Back Ground Subtraction and Gradient-Based Corner Detection for Preventing CVS,JUL,2020,JUN,2021,T Sree Sharmila,R Srinivasan,K K Nagarajan,S Athithya,NULL,NULL,NULL,article,Journal,Procedia Computer Science,Elsevier BV,2019,NULL,165,781-789,NULL,NULL,7,10.1016/j.procs.2020.01.011,NULL,http://dx.doi.org/10.1016/j.procs.2020.01.011,1877-0509,FALSE,FALSE
2020JUL101016jprocs202001012,Entropy Analysis on Planar Anamorphic Images,JUL,2020,JUN,2021,S Bobby Stefy Chris,L K Pavithra,R Srinivasan,T Sree Sharmila,NULL,NULL,NULL,article,Journal,Procedia Computer Science,Elsevier BV,2019,NULL,165,774-780,NULL,NULL,4,10.1016/j.procs.2020.01.012,NULL,http://dx.doi.org/10.1016/j.procs.2020.01.012,1877-0509,FALSE,FALSE
2020JUL101016jprocs202001015,Object Detection In Underwater Acoustic Images Using Edge Based Segmentation Method,JUL,2020,JUN,2021,R. Priyadharsini,T. Sree Sharmila,None,None,NULL,NULL,NULL,article,Journal,Procedia Computer Science,Elsevier BV,2019,NULL,165,759-765,NULL,NULL,20,10.1016/j.procs.2020.01.015,NULL,http://dx.doi.org/10.1016/j.procs.2020.01.015,1877-0509,FALSE,FALSE
2020JUL101016jprocs202001032,Start to Finish Automation Achieve on Cloud with Build Channel: By DevOps Method,JUL,2020,JUN,2021,V. Arulkumar,R. Lathamanju,None,None,NULL,NULL,NULL,article,Journal,Procedia Computer Science,Elsevier BV,2019,NULL,165,399-405,NULL,NULL,7,10.1016/j.procs.2020.01.032,NULL,http://dx.doi.org/10.1016/j.procs.2020.01.032,1877-0509,FALSE,FALSE
2020JUL101016jprocs202001065,Optimized Feature Integration and Minimized Search Space in Content Based Image Retrieval,JUL,2020,JUN,2021,LK Pavithra,T Sree Sharmila,None,None,NULL,NULL,NULL,article,Journal,Procedia Computer Science,Elsevier BV,2019,NULL,165,691-700,NULL,NULL,6,10.1016/j.procs.2020.01.065,NULL,http://dx.doi.org/10.1016/j.procs.2020.01.065,1877-0509,FALSE,FALSE
2020JUL101016jprocs202004100,Visual Speech Recognition using Fusion of Motion and Geometric Features,JUL,2020,JUN,2021,Radha N,Shahina A,Nayeemulla Khan A,None,NULL,NULL,NULL,article,Journal,Procedia Computer Science,Elsevier BV,2020,NULL,171,924-933,NULL,NULL,5,10.1016/j.procs.2020.04.100,NULL,http://dx.doi.org/10.1016/j.procs.2020.04.100,1877-0509,FALSE,FALSE
2020JUL101049ietspr20190226,Adaptive multi-band filter structure-based far-end speech enhancement,JUL,2020,JUN,2021,Muthu Philominal Actlin Jeeva,Thangavelu Nagarajan,Parthasarathy Vijayalakshmi,None,NULL,NULL,NULL,article,Journal,IET Signal Processing,Institution of Engineering and Technology (IET),2020,7,14,288-299,Web of Sciences,NULL,3,10.1049/iet-spr.2019.0226,NULL,http://dx.doi.org/10.1049/iet-spr.2019.0226,1751-9675 1751-9683,FALSE,FALSE
2020JUL1010800952813x20201764630,Hierarchical classifier design for speech emotion recognition in the mixed-cultural environment,JUL,2020,JUN,2021,P. Vasuki,Chandrabose Aravindan,NULL,NULL,NULL,NULL,NULL,article,Journal,Journal of Experimental &amp;amp; Theoretical Artificial Intelligence,Informa UK Limited,2020,6,33,451-466,Web of Sciences,NULL,1,10.1080/0952813x.2020.1764630,NULL,http://dx.doi.org/10.1080/0952813x.2020.1764630,0952-813X 1362-3079,FALSE,FALSE
2020JUL10108813616641abc1fe,Investigation of heavy-ion strikes on a fin field-effect transistor-based low-noise amplifier,JUL,2020,JUN,2021,P Rajendiran,K K Nagarajan,R Srinivasan,None,NULL,NULL,NULL,article,Journal,Semiconductor Science and Technology,IOP Publishing,2020,11,35,125028,Web of Sciences,NULL,1,10.1088/1361-6641/abc1fe,NULL,http://dx.doi.org/10.1088/1361-6641/abc1fe,0268-1242 1361-6641,FALSE,FALSE
2020JUL101093comjnlbxz017,An Improved Seed Point Selection-Based Unsupervised Color Clustering for Content-Based Image Retrieval Application,JUL,2020,JUN,2021,L K Pavithra,T Sree Sharmila,NULL,NULL,NULL,NULL,NULL,article,Journal,The Computer Journal,Oxford University Press (OUP),2019,3,63,337-350,Web of Sciences,NULL,3,10.1093/comjnl/bxz017,NULL,http://dx.doi.org/10.1093/comjnl/bxz017,0010-4620 1460-2067,FALSE,FALSE
2020JUL101109jstsp20202972161,Data Augmentation using virtual microphone array synthesis and multi-resolution feature extraction for isolated word dysarthric speech recognition,JUL,2020,JUN,2021,Mariya Celin T A,Nagarajan Thangavelu,Vijayalakshmi P,NULL,NULL,NULL,NULL,article,Journal,IEEE Journal of Selected Topics in Signal Processing,Institute of Electrical and Electronics Engineers (IEEE),2020,NULL,0,01-Jan,Web of Sciences,NULL,3,10.1109/jstsp.2020.2972161,NULL,http://dx.doi.org/10.1109/jstsp.2020.2972161,1932-4553 1941-0484,FALSE,FALSE
2020JUL101109taslp20202986877,Multi-Level Single-Channel Speech Enhancement Using a Unified Framework for Estimating Magnitude and Phase Spectra,JUL,2020,JUN,2021,T. Lavanya,T. Nagarajan,P. Vijayalakshmi,NULL,NULL,NULL,NULL,article,Journal,"IEEE/ACM Transactions on Audio, Speech, and Language Processing",Institute of Electrical and Electronics Engineers (IEEE),2020,NULL,28,1315-1327,Web of Sciences,NULL,18,10.1109/taslp.2020.2986877,NULL,http://dx.doi.org/10.1109/taslp.2020.2986877,2329-9290 2329-9304,FALSE,FALSE
2020JUL1021741573405615666191111142039,Influence of Primary Auditory Cortex in the Characterization of Autism Spectrum in Young Adults using Brain Connectivity Parameters and Deep Belief Networks: An fMRI Study,JUL,2020,JUN,2021,Vidhusha Srinivasan,N. Udayakumar,Kavitha Anandan,NULL,NULL,NULL,NULL,article,Journal,Current Medical Imaging Formerly Current Medical Imaging Reviews,Bentham Science Publishers Ltd.,2020,12,16,1059-1073,Web of Sciences,NULL,5,10.2174/1573405615666191111142039,NULL,http://dx.doi.org/10.2174/1573405615666191111142039,1573-4056,FALSE,FALSE
2020JUL1024425aoa2020134058,A Study on the Impact of Lombard Effect on Recognition of Hindi Syllabic Units Using CNN Based Multimodal ASR Systems,JUL,2020,JUN,2021,Uma Maheshwari S,Shahina A,Rishikesh R,Nayeemulla Khan A,NULL,NULL,NULL,article,Journal,Archives of Acoustics,Polish Academy of Sciences Chancellery,2023,7,0,NULL,NULL,NULL,0,10.24425/aoa.2020.134058,NULL,http://dx.doi.org/10.24425/aoa.2020.134058,0137-5075 2300-262X,FALSE,FALSE
2020JUL103233xst200697,An enhanced OCT image captioning system to assist ophthalmologists in detecting and classifying eye diseases,JUL,2020,JUN,2021,Sivamurugan Vellakani,Indumathi Pushbam,NULL,NULL,NULL,NULL,NULL,article,Journal,Journal of X-Ray Science and Technology,IOS Press,2020,9,28,975-988,Web of Sciences,NULL,6,10.3233/xst-200697,NULL,http://dx.doi.org/10.3233/xst-200697,0895-3996 1095-9114,FALSE,FALSE
2020JUL1035940ijiteea80861110120,Epilepsy Prediction using a Combined LSTM - XGBoost System on EEG Signals,JUL,2020,JUN,2021,Shanmuga Skandh Vinayak E,Shahina A,Nayeemulla Khan A,None,NULL,NULL,NULL,article,Journal,International Journal of Innovative Technology and Exploring Engineering,Blue Eyes Intelligence Engineering and Sciences Engineering and Sciences Publication - BEIESP,2020,11,10,18-24,NULL,NULL,1,10.35940/ijitee.a8086.1110120,NULL,http://dx.doi.org/10.35940/ijitee.a8086.1110120,2278-3075,FALSE,FALSE
2020JUL1036548jeea20201003,Remaining Useful Life (RUL) Estimation of Lead Acid Battery using Bayesian Approach,JUL,2020,JUN,2021,Bhalaji N.,Rimi Chowdhury,NULL,NULL,NULL,NULL,NULL,article,Journal,Journal of Electrical Engineering and Automation,Inventive Research Organization,2020,3,2,25-34,ISSN,NULL,15,10.36548/jeea.2020.1.003,NULL,http://dx.doi.org/10.36548/jeea.2020.1.003,2582-3051,FALSE,FALSE
2020JUL1036548jei20201006,EL DAPP - An Electricity Meter Tracking Decentralized Application,JUL,2020,JUN,2021,Dr. Bhalaji N.,Shanmuga Skandh Vinayak E,NULL,NULL,NULL,NULL,NULL,article,Journal,Mar-20,Inventive Research Organization,2020,3,2,49-71,ISSN,NULL,7,10.36548/jei.2020.1.006,NULL,http://dx.doi.org/10.36548/jei.2020.1.006,2582-3825,FALSE,FALSE
2020JUL1036548jismac20204006,Medical Data Management Using Blockchain,JUL,2020,JUN,2021,Bhalaji N,Aishwarya V,Krithika Balaji,None,NULL,NULL,NULL,article,Journal,Dec-20,Inventive Research Organization,2020,12,2,222-231,ISSN,NULL,2,10.36548/jismac.2020.4.006,NULL,http://dx.doi.org/10.36548/jismac.2020.4.006,2582-1369,FALSE,FALSE
2020JUL1036548jitdw20201003,Fog Computing - A Rasperry Pi Decentralized Network,JUL,2020,JUN,2021,Dr. Bhalaji N.,Shanmuga Skandh Vinayak E,NULL,NULL,NULL,NULL,NULL,article,Journal,Journal of Information Technology and Digital World,Inventive Research Organization,2020,3,2,27-42,ISSN,NULL,0,10.36548/jitdw.2020.1.003,NULL,http://dx.doi.org/10.36548/jitdw.2020.1.003,2582-418X,FALSE,FALSE
2020JUL1036548jscp20203001,MOOCVERSITY - Deep Learning Based Dropout Prediction in MOOCs over Weeks,JUL,2020,JUN,2021,Vignesh Muthukumar,Dr. Bhalaji N.,None,None,NULL,NULL,NULL,article,Journal,Journal of Soft Computing Paradigm,Inventive Research Organization,2020,6,2,140-152,ISSN,NULL,20,10.36548/jscp.2020.3.001,NULL,http://dx.doi.org/10.36548/jscp.2020.3.001,2582-2640,FALSE,FALSE
2020JUL1040189781799830382ch009,Inter-Hemispherical Investigations on the Functional Connectivity in Controls and Autism Spectrum Using Resting State fMRI,JUL,2020,JUN,2021,S. Vidhusha,A. Kavitha,None,None,NULL,NULL,NULL,inbook,Book Chapter,Advances in Computational Intelligence and Robotics,IGI Global,2020,NULL,0,169-186,NULL,NULL,0,10.4018/978-1-7998-3038-2.ch009,NULL,http://dx.doi.org/10.4018/978-1-7998-3038-2.ch009,2327-0411 2327-042X,FALSE,FALSE
2020JUL107555jbr3420190043,Deep learning approach to detect seizure using reconstructed phase space images,JUL,2020,JUN,2021,N. Ilakiyaselvan,A. Nayeemulla Khan,A. Shahina,NULL,NULL,NULL,NULL,article,Journal,The Journal of Biomedical Research,Journal of Biomedical Research,2020,NULL,34,240,Web of Sciences,NULL,47,10.7555/jbr.34.20190043,NULL,http://dx.doi.org/10.7555/jbr.34.20190043,1674-8301,FALSE,FALSE
2021JUL101002dac4941,Metamaterial-loaded multiband antenna for embedded automotive Internet-of-Things communications,JUL,2021,JUN,2022,Malathy E M,Thanikachalam V,Ruby D,Manikandan N,NULL,NULL,NULL,article,Journal,International Journal of Communication Systems,Wiley,2021,8,34,NULL,Web of Sciences,Q2,5,10.1002/dac.4941,NULL,http://dx.doi.org/10.1002/dac.4941,1074-5351 1099-1131,FALSE,FALSE
2021JUL101007978981334305471,NoRegINT--A Tool for Performing OSINT and Analysis from Social Media,JUL,2021,JUN,2022,S. Karthika,N. Bhalaji,S. Chithra,"N. Sri Harikarthick, Debadyuti Bhattacharya",NULL,NULL,NULL,inbook,Book Chapter,Inventive Computation and Information Technologies,Springer Nature Singapore,2021,3,173,971-980,NULL,NULL,0,10.1007/978-981-33-4305-4_71,NULL,http://dx.doi.org/10.1007/978-981-33-4305-4_71,2367-3370 2367-3389,FALSE,FALSE
2021JUL101007s0037102102154x,Degenerative disc disease diagnosis from lumbar MR images using hybrid features,JUL,2021,JUN,2022,A. Beulah,T. Sree Sharmila,V. K. Pramod,None,NULL,NULL,NULL,article,Journal,The Visual Computer,Springer Science and Business Media LLC,2021,5,38,2771-2783,Web of Sciences,NULL,4,10.1007/s00371-021-02154-x,NULL,http://dx.doi.org/10.1007/s00371-021-02154-x,0178-2789 1432-2315,FALSE,FALSE
2021JUL101007s00371021023121,A novel data hiding by image interpolation using edge quad-tree block complexity,JUL,2021,JUN,2022,R. RoselinKiruba,T. Sree Sharmila,NULL,NULL,NULL,NULL,NULL,article,Journal,The Visual Computer,Springer Science and Business Media LLC,2021,10,39,59-72,Web of Sciences,NULL,9,10.1007/s00371-021-02312-1,NULL,http://dx.doi.org/10.1007/s00371-021-02312-1,0178-2789 1432-2315,FALSE,FALSE
2021JUL101007s10115021015922,Tweet-scan-post: a system for analysis of sensitive private data disclosure in online social media,JUL,2021,JUN,2022,R. Geetha,S. Karthika,Ponnurangam Kumaraguru,None,NULL,NULL,NULL,article,Journal,Knowledge and Information Systems,Springer Science and Business Media LLC,2021,7,63,2365-2404,Web of Sciences,NULL,6,10.1007/s10115-021-01592-2,NULL,http://dx.doi.org/10.1007/s10115-021-01592-2,0219-1377 0219-3116,FALSE,FALSE
2021JUL101007s10462020099075,Understanding Lombard speech: a review of compensation techniques towards improving speech based recognition systems,JUL,2021,JUN,2022,S. Uma Maheswari,A. Shahina,A. Nayeemulla Khan,NULL,NULL,NULL,NULL,article,Journal,Artificial Intelligence Review,Springer Science and Business Media LLC,2020,9,54,2495-2523,Web of Sciences,Q1,8,10.1007/s10462-020-09907-5,NULL,http://dx.doi.org/10.1007/s10462-020-09907-5,0269-2821 1573-7462,FALSE,FALSE
2021JUL101007s1077202109888y,A deep learning approach for robust speaker identification using chroma energy normalized statistics and mel frequency cepstral coefficients,JUL,2021,JUN,2022,J. V. Thomas Abraham,A. Nayeemulla Khan,A. Shahina,None,NULL,NULL,NULL,article,Journal,International Journal of Speech Technology,Springer Science and Business Media LLC,2021,8,26,579-587,Scopus,Q1,5,10.1007/s10772-021-09888-y,NULL,http://dx.doi.org/10.1007/s10772-021-09888-y,1381-2416 1572-8110,FALSE,FALSE
2021JUL101007s1104501900697w,Secure data hiding by fruit fly optimization improved hybridized seeker algorithm,JUL,2021,JUN,2022,R. Roselin Kiruba,T. Sree Sharmila,NULL,NULL,NULL,NULL,NULL,article,Journal,Multidimensional Systems and Signal Processing,Springer Science and Business Media LLC,2020,1,32,405-430,Web of Sciences,Q2,14,10.1007/s11045-019-00697-w,NULL,http://dx.doi.org/10.1007/s11045-019-00697-w,0923-6082 1573-0824,FALSE,FALSE
2021JUL101007s11063021105462,EarNet: Biometric Embeddings for End to End Person Authentication System Using Transient Evoked Otoacoustic Emission Signals,JUL,2021,JUN,2022,Akshath Varugeese,A. Shahina,Khadar Nawas,A. Nayeemulla Khan,NULL,NULL,NULL,article,Journal,Neural Processing Letters,Springer Science and Business Media LLC,2021,11,54,21-41,Web of Sciences,Q2,3,10.1007/s11063-021-10546-2,NULL,http://dx.doi.org/10.1007/s11063-021-10546-2,1370-4621 1573-773X,FALSE,FALSE
2021JUL101007s1127702007907w,Blockchain Based Chameleon Hashing Technique for Privacy Preservation in E-Governance System,JUL,2021,JUN,2022,M. V. Ranjith Kumar,N. Bhalaji,None,None,NULL,NULL,NULL,article,Journal,Wireless Personal Communications,Springer Science and Business Media LLC,2020,11,117,987-1006,Web of Sciences,Q2,25,10.1007/s11277-020-07907-w,NULL,http://dx.doi.org/10.1007/s11277-020-07907-w,0929-6212 1572-834X,FALSE,FALSE
2021JUL101007s1127702108934x,Hybrid Bird Swarm Optimized Quasi Affine Algorithm Based Node Location in Wireless Sensor Networks,JUL,2021,JUN,2022,E. M. Malathy,Mythili Asaithambi,Alagu Dheeraj,Kannan Arputharaj,NULL,NULL,NULL,article,Journal,Wireless Personal Communications,Springer Science and Business Media LLC,2021,8,122,947-962,Web of Sciences,Q2,5,10.1007/s11277-021-08934-x,NULL,http://dx.doi.org/10.1007/s11277-021-08934-x,0929-6212 1572-834X,FALSE,FALSE
2021JUL101007s1265201901655x,Performance analysis of nature inspired load balancing algorithm in cloud environment,JUL,2021,JUN,2022,V. Arulkumar,N. Bhalaji,NULL,NULL,NULL,NULL,NULL,article,Journal,Journal of Ambient Intelligence and Humanized Computing,Springer Science and Business Media LLC,2020,1,12,3735-3742,Scopus,Q1,22,10.1007/s12652-019-01655-x,NULL,http://dx.doi.org/10.1007/s12652-019-01655-x,1868-5137 1868-5145,FALSE,FALSE
2021JUL101007s4187002100774z,Performance evaluation of encryption algorithm using fruit fly optimization improved hybridized seeker and PVD algorithm,JUL,2021,JUN,2022,R. Roselinkiruba,T. Sree Sharmila,NULL,NULL,NULL,NULL,NULL,article,Journal,International Journal of Information Technology,Springer Science and Business Media LLC,2021,8,13,1797-1803,Scopus,NULL,8,10.1007/s41870-021-00774-z,NULL,http://dx.doi.org/10.1007/s41870-021-00774-z,2511-2104 2511-2112,FALSE,FALSE
2021JUL101016jbspc2021103278,Reconstructed phase space portraits for detecting brain diseases using deep learning,JUL,2021,JUN,2022,N. Ilakiyaselvan,A. Nayeemulla Khan,A. Shahina,NULL,NULL,NULL,NULL,article,Journal,Biomedical Signal Processing and Control,Elsevier BV,2022,1,71,103278,Web of Sciences,NULL,6,10.1016/j.bspc.2021.103278,NULL,http://dx.doi.org/10.1016/j.bspc.2021.103278,1746-8094,FALSE,FALSE
2021JUL1010800377206320211892539,Miniaturized Dual-Band Metamaterial-Loaded Antenna for Heterogeneous Vehicular Communication Networks,JUL,2021,JUN,2022,E. M. Malathy,I. R. Praveen Joe,P. Ajitha,None,NULL,NULL,NULL,article,Journal,IETE Journal of Research,Informa UK Limited,2021,3,69,2436-2445,Web of Sciences,NULL,11,10.1080/03772063.2021.1892539,NULL,http://dx.doi.org/10.1080/03772063.2021.1892539,0377-2063 0974-780X,FALSE,FALSE
2021JUL1010801543507520211930004,Proactive maintenance of small wind turbines using IoT and machine learning models,JUL,2021,JUN,2022,Yoganand Selvaraj,Chithra Selvaraj,NULL,NULL,NULL,NULL,NULL,article,Journal,International Journal of Green Energy,Informa UK Limited,2021,6,19,463-475,Web of Sciences,NULL,6,10.1080/15435075.2021.1930004,NULL,http://dx.doi.org/10.1080/15435075.2021.1930004,1543-5075 1543-5083,FALSE,FALSE
2021JUL1010881742659619111012012,Auto-Off ID: Automatic Detection of Offensive Language in Social Media,JUL,2021,JUN,2022,R Geetha,S Karthika,Chaluvadi Jwala Sowmika,Bharathi M Janani,NULL,NULL,NULL,article,Journal,Journal of Physics: Conference Series,IOP Publishing,2021,5,1911,12012,Scopus,NULL,0,10.1088/1742-6596/1911/1/012012,NULL,http://dx.doi.org/10.1088/1742-6596/1911/1/012012,1742-6588 1742-6596,FALSE,FALSE
2021JUL101093comjnlbxab118,Rumor Identification and Verification for Text in Social Media Content,JUL,2021,JUN,2022,P Suthanthira Devi,S Karthika,NULL,NULL,NULL,NULL,NULL,article,Journal,The Computer Journal,Oxford University Press (OUP),2021,9,65,436-455,Web of Sciences,NULL,2,10.1093/comjnl/bxab118,NULL,http://dx.doi.org/10.1093/comjnl/bxab118,0010-4620 1460-2067,FALSE,FALSE
2021JUL101142s0219477522500080,Enhancing Speech Quality Using Artificial Bandwidth Expansion with Deep Shallow Convolution Neural Network Framework,JUL,2021,JUN,2022,N. Radha,R. B. Jananie,A. Anto Silviya,NULL,NULL,NULL,NULL,article,Journal,Fluctuation and Noise Letters,World Scientific Pub Co Pte Ltd,2021,7,21,NULL,Web of Sciences,NULL,2,10.1142/s0219477522500080,NULL,http://dx.doi.org/10.1142/s0219477522500080,0219-4775 1793-6780,FALSE,FALSE
2021JUL101201978100319383819,Assurance on data integrity in cloud data centre using PKI built RDIC method,JUL,2021,JUN,2022,V. Arulkumar,R. Lathamanju,A. Sandanakaruppan,NULL,NULL,NULL,NULL,inbook,Book Chapter,Recent Trends in Communication and Electronics,CRC Press,2021,6,0,98-102,ISSN,NULL,1,10.1201/9781003193838-19,NULL,http://dx.doi.org/10.1201/9781003193838-19,NULL,FALSE,FALSE
2021JUL102298gensr2103297u,Optimised feature selection for early cancer detection,JUL,2021,JUN,2022,K.R. Uthayan,S. Mohanavalli,B. Nivetha,S. Dhivya,NULL,NULL,NULL,article,Journal,Genetika,National Library of Serbia,2021,NULL,53,1297-1309,Scopus,Q3,1,10.2298/gensr2103297u,NULL,http://dx.doi.org/10.2298/gensr2103297u,0534-0012 1820-6069,FALSE,FALSE
2021JUL10242050327671620204093,Acoustic-visual based Accent Identification system using deep neural networks,JUL,2021,JUN,2022,"Radha N,",Sachin Madhavan RM,None,None,No,NULL,NULL,article,Journal,International Journal of Early Childhood Special Education (INT-JECSE),INT-JECSE,2021,NULL,30,866-880,Web of Sciences,NULL,0,10.24205/03276716.2020.4093,NULL,http://162.241.116.76/data-cms/articles/20210621010224pmSSCI-674.pdf,3276716,FALSE,FALSE
2021JUL10242050327671620215020,Recognition of hand signs based on geometrical features using machine learning and deep learning approaches,JUL,2021,JUN,2022,Kulandai Josephine Julina Joseph,Sree Sharmila Thangaswamy,None,None,NULL,NULL,NULL,article,Journal,Revista Argentina de Clinica Psicologica,Fundacion Aigle,2021,NULL,30,175-183,Web of Sciences,NULL,1,10.24205/03276716.2021.5020,NULL,https://www.revistaclinicapsicologica.com/data-cms/articles/20220312093540pmSSCI-708.pdf,3276716,FALSE,FALSE
2021JUL1032604cmc2022020965,Intelligent Deep Learning Based Disease Diagnosis Using Biomedical Tongue Images,JUL,2021,JUN,2022,V. Thanikachalam,S. Shanthi,K. Kalirajan,"Sayed Abdel-Khalek, Mohamed Omri, Lotfi M. Ladhar",NULL,NULL,NULL,article,Journal,"Computers, Materials and Continua","Computers, Materials and Continua (Tech Science Press)",2022,NULL,70,5667-5681,Web of Sciences,NULL,3,10.32604/cmc.2022.020965,NULL,http://dx.doi.org/10.32604/cmc.2022.020965,1546-2226,FALSE,FALSE
2021JUL1032604cmc2022021300,IoT-Cloud Empowered Aerial Scene Classification for Unmanned Aerial Vehicles,JUL,2021,JUN,2022,K. R. Uthayan,G. Lakshmi Vara Prasad,V. Mohan,"C. Bharatiraja, Irina V. Pustokhina, Denis A. Pustokhin, Vicente GarcQian  DQian z",NULL,NULL,NULL,article,Journal,"Computers, Materials and Continua","Computers, Materials and Continua (Tech Science Press)",2022,NULL,70,5161-5177,Web of Sciences,NULL,0,10.32604/cmc.2022.021300,NULL,http://dx.doi.org/10.32604/cmc.2022.021300,1546-2226,FALSE,FALSE
2021JUL1032604iasc2022022021,End-to-End Speech Recognition of Tamil Language,JUL,2021,JUN,2022,Mohamed Hashim Changrampadi,A. Shahina,M. Badri Narayanan,A. Nayeemulla Khan,NULL,NULL,NULL,article,Journal,"Computers, Materials and Continua","Computers, Materials and Continua (Tech Science Press)",2022,NULL,32,1309-1323,Web of Sciences,NULL,11,10.32604/iasc.2022.022021,NULL,http://dx.doi.org/10.32604/iasc.2022.022021,1079-8587,FALSE,FALSE
2021JUL1034218ijeet1292021006,Impact of Singing Bowl Playing on the Brain Using EEG,JUL,2021,JUN,2022,Sundharakumar K. B.,Bhalaji N.,Rema Devi R. K.,Srinivasan R.,NULL,NULL,NULL,article,Journal,INTERNATIONAL JOURNAL OF ELECTRICAL ENGINEERING AND TECHNOLOGY,IAEME Publication Chennai,2021,9,12,NULL,Scopus,NULL,1,10.34218/ijeet.12.9.2021.006,NULL,http://dx.doi.org/10.34218/ijeet.12.9.2021.006,0976-6553 0976-6545,FALSE,FALSE
2021JUL1035940ijiteeB82291210220,Parkinson's Disease Detection using Machine Learning Techniques,JUL,2021,JUN,2022,Radha N,Sachin Madhavan RM,Sameera holy S,None,NULL,NULL,NULL,article,Journal,Revista Argentina de Clinica Psicologica,Fundacion Aigle,2021,NULL,30,543,NULL,NULL,12,10.35940/ijitee.B8229.1210220,NULL,https://www.revistaclinicapsicologica.com/archivesarticle.php?id=494,3276716,FALSE,FALSE
2021JUL103934mbe2021309,Fruit-Fly optimization-based feature integration in image retrieval,JUL,2021,JUN,2022,Pavithra Latha Kumaresan,Subbulakshmi Pasupathi,Sindhia Lingaswamy,"Sree Sharmila Thangaswamy, Vimal Shunmuganathan and Danilo Pelusi",No,NULL,NULL,article,Journal,Mathematical Biosciences and Engineering,American Institute of Mathematical Sciences (AIMS),2021,NULL,18,6178-6197,Web of Sciences,NULL,1,10.3934/mbe.2021309,NULL,http://dx.doi.org/10.3934/mbe.2021309,1551-0018,FALSE,FALSE
2021JUL105565revelcvia1360,Underwater Acoustic Image Denoising Using Stationary Wavelet Transform and Various Shrinkage Functions,JUL,2021,JUN,2022,Priyadharsini Ravisankar,NULL,NULL,NULL,NULL,NULL,NULL,article,Journal,ELCVIA Electronic Letters on Computer Vision and Image Analysis,Universitat Autonoma de Barcelona,2021,9,20,NULL,Scopus,NULL,1,10.5565/rev/elcvia.1360,NULL,http://dx.doi.org/10.5565/rev/elcvia.1360,1577-5097,FALSE,FALSE
2022JUL1010029781119910619ch5,Privacy Enhancement for Wireless Sensor Networks and the Internet of Things Based on Cryptological Techniques,JUL,2022,JUN,2023,M. Karthiga,A. Indirani,S. Sankarananth,"S. S. Sountharrajan, E. Suganya",NULL,NULL,NULL,misc,Book Chapter,Wireless Communication for Cybersecurity,Wiley,2023,10,0,105-128,NULL,NULL,0,10.1002/9781119910619.ch5,NULL,http://dx.doi.org/10.1002/9781119910619.ch5,NULL,FALSE,FALSE
2022JUL1010029781119910619ch6,Security and Confidentiality Concerns in Blockchain Technology,JUL,2022,JUN,2023,G. Prabu Kanna,M.J. Abinash,Yogesh Kumar,"Jagadeesh Kumar, E. Suganya",NULL,NULL,NULL,misc,Book Chapter,Wireless Communication for Cybersecurity,Wiley,2023,10,0,129-147,NULL,NULL,0,10.1002/9781119910619.ch6,NULL,http://dx.doi.org/10.1002/9781119910619.ch6,NULL,FALSE,FALSE
2022JUL101002cpe7109,An efficient hand gesture recognition based on optimal deep embedded hybrid convolutional neural network-long short term memory network model,JUL,2022,JUN,2023,Gajalakshmi Palanisamy,Sree Sharmila Thangaswamy,None,None,NULL,NULL,NULL,article,Journal,Concurrency and Computation: Practice and Experience,Wiley,2022,6,34,NULL,Web of Sciences,NULL,2,10.1002/cpe.7109,NULL,http://dx.doi.org/10.1002/cpe.7109,1532-0626 1532-0634,FALSE,FALSE
2022JUL101007978303133231919,Early Alzheimer Detection Through Speech Analysis and Vision Transformer Approach,JUL,2022,JUN,2023,G. Pranav,K. Varsha,K. S. Gayathri,None,NULL,NULL,NULL,inbook,Book Chapter,Communications in Computer and Information Science,Springer International Publishing,2023,5,1802,265-276,NULL,NULL,0,10.1007/978-3-031-33231-9_19,NULL,http://dx.doi.org/10.1007/978-3-031-33231-9_19,1865-0929 1865-0937,FALSE,FALSE
2022JUL10100797830313596517,Challenges and Opportunities for Green Energy Harvesting in Sustainable IoT Systems,JUL,2022,JUN,2023,S. Sankaranath,M. Karthiga,S. Sountharrajan,E. Suganya,NULL,NULL,NULL,inbook,Book Chapter,Energy Harvesting Trends for Low Power Compact Electronic Devices,Springer International Publishing,2023,9,0,129-152,NULL,NULL,0,10.1007/978-3-031-35965-1_7,NULL,http://dx.doi.org/10.1007/978-3-031-35965-1_7,2522-8595 2522-8609,FALSE,FALSE
2022JUL101007978981165655220,Automatic Credit Fraud Detection Using Ensemble Model,JUL,2022,JUN,2023,S. Srinidhi,K. Sowmya,S. Karthika,None,NULL,NULL,NULL,inbook,Book Chapter,ICT Analysis and Applications,Springer Nature Singapore,2022,1,314,211-224,NULL,NULL,0,10.1007/978-981-16-5655-2_20,NULL,http://dx.doi.org/10.1007/978-981-16-5655-2_20,2367-3370 2367-3389,FALSE,FALSE
2022JUL101007978981165655226,Swear Words Replacement Suggestion System,JUL,2022,JUN,2023,S. Naveen,Mayank Singh,S. Karthika,None,NULL,NULL,NULL,inbook,Book Chapter,ICT Analysis and Applications,Springer Nature Singapore,2022,1,314,271-280,NULL,NULL,0,10.1007/978-981-16-5655-2_26,NULL,http://dx.doi.org/10.1007/978-981-16-5655-2_26,2367-3370 2367-3389,FALSE,FALSE
2022JUL101007978981165987432,Applications of Open Source Intelligence in Crisis Analysis--A COVID-19 Case Study,JUL,2022,JUN,2023,A. K. Buvanasri,R. Meenakshi,S. Karthika,None,NULL,NULL,NULL,inbook,Book Chapter,ICT Systems and Sustainability,Springer Nature Singapore,2022,1,321,313-325,NULL,NULL,1,10.1007/978-981-16-5987-4_32,NULL,http://dx.doi.org/10.1007/978-981-16-5987-4_32,2367-3370 2367-3389,FALSE,FALSE
2022JUL101007978981168484539,Program Synthesis - A Survey,JUL,2022,JUN,2023,"Jacindha, S.","Abishek, G.","Vasuki, P",None,NULL,NULL,NULL,inbook,Book Chapter,Computational Intelligence in Machine Learning. Lecture Notes in Electrical Engineering,Springer Singapore,2022,3,834,409-421,NULL,NULL,1,10.1007/978-981-16-8484-5_39,NULL,https://doi.org/10.1007/978-981-16-8484-5_39,978-981-16-8484-5,FALSE,FALSE
2022JUL101007978981169605370,DetecSec: A Framework to Detect and Mitigate ARP Cache Poisoning Attacks,JUL,2022,JUN,2023,Debadyuti Bhattacharya,N. Sri Hari Karthick,Prem Suresh,N. Bhalaji,NULL,NULL,NULL,inbook,Book Chapter,Evolutionary Computing and Mobile Sustainable Networks,Springer Singapore,2022,3,116,997-1007,NULL,NULL,1,10.1007/978-981-16-9605-3_70,NULL,http://dx.doi.org/10.1007/978-981-16-9605-3_70,2367-4512 2367-4520,FALSE,FALSE
2022JUL101007978981169650320,COVID-19 Detection Using Chest X-rays: CNN as a Classifier Versus CNN as a Feature Extractor,JUL,2022,JUN,2023,N. A. Sriram,J Vishaq,T Dhanwin,"V Harshini, A Shahina, A Nayeemulla Khan",NULL,NULL,NULL,inbook,Book Chapter,Algorithms for Intelligent Systems,Springer Nature Singapore,2022,5,0,259-272,NULL,NULL,0,10.1007/978-981-16-9650-3_20,NULL,http://dx.doi.org/10.1007/978-981-16-9650-3_20,2524-7565 2524-7573,FALSE,FALSE
2022JUL101007978981190019828,Analysis of Cryptocurrency Mining in Gaming Consoles,JUL,2022,JUN,2023,Shanmuga Skandh Vinayak,"E., Bhalaji, N.","Gao, XZ",None,NULL,NULL,NULL,inbook,Book Chapter,Lecture Notes in Electrical Engineering,Springer Singapore,2022,4,869,357-372,NULL,NULL,0,10.1007/978-981-19-0019-8_28,NULL,https://doi.org/10.1007/978-981-19-0019-8_28,978-981-19-0019-8,FALSE,FALSE
2022JUL101007978981194960948,Generative Adversarial Networks and Their Application in Fake Tweet Detection,JUL,2022,JUN,2023,Janice Marian Jockim,K. Meghana,S. Karthika,None,NULL,NULL,NULL,inbook,Book Chapter,Lecture Notes in Networks and Systems,Springer Nature Singapore,2022,11,383,611-625,NULL,NULL,0,10.1007/978-981-19-4960-9_48,NULL,http://dx.doi.org/10.1007/978-981-19-4960-9_48,2367-3370 2367-3389,FALSE,FALSE
2022JUL101007978981195868725,Region Classification for Air Quality Estimation Using Deep Learning and Machine Learning Approach,JUL,2022,JUN,2023,Sumneet Kaur Bamrah,Shruti Srivatsan,K. S. Gayathri,None,NULL,NULL,NULL,inbook,Book Chapter,Lecture Notes in Electrical Engineering,Springer Nature Singapore,2023,1,946,333-344,NULL,NULL,1,10.1007/978-981-19-5868-7_25,NULL,http://dx.doi.org/10.1007/978-981-19-5868-7_25,1876-1100 1876-1119,FALSE,FALSE
2022JUL101007978981196004813,An Ensemble Approach to Recognize Activities in Smart Environment Using Motion Sensors and Air Quality Sensors,JUL,2022,JUN,2023,Shruti Srivatsan,Sumneet Kaur Bamrah,K. S. Gayathri,None,NULL,NULL,NULL,inbook,Book Chapter,Data Intelligence and Cognitive Informatics,Springer Nature Singapore,2022,12,0,141-150,NULL,NULL,1,10.1007/978-981-19-6004-8_13,NULL,http://dx.doi.org/10.1007/978-981-19-6004-8_13,2524-7565 2524-7573,FALSE,FALSE
2022JUL101007978981991051911,Snooping for Fake News: A Cascaded Approach Using Stance Detection and Entailment Classification,JUL,2022,JUN,2023,Ebenezer Ajay Williams,M. Karthik,A. Shahina,"Harshithaa Murali, N. Safiyyah, A. Nayeemulla Khan",NULL,NULL,NULL,inbook,Book Chapter,Lecture Notes in Electrical Engineering,Springer Nature Singapore,2023,6,1021,161-177,NULL,NULL,0,10.1007/978-981-99-1051-9_11,NULL,http://dx.doi.org/10.1007/978-981-99-1051-9_11,1876-1100 1876-1119,FALSE,FALSE
2022JUL101007s00500023086887,Classification of inter-patient's cardiac arrhythmias in ECG signals with enhanced Jaya optimized TQWT parameters and stacked ensemble algorithm,JUL,2022,JUN,2023,Karthikeyan Ramasamy,Kiruthika Balakrishnan,Durgadevi Velusamy,None,NULL,NULL,NULL,article,Journal,Soft Computing,Springer Science and Business Media LLC,2023,6,27,11341-11356,Web of Sciences,Q2,1,10.1007/s00500-023-08688-7,NULL,http://dx.doi.org/10.1007/s00500-023-08688-7,1432-7643 1433-7479,FALSE,FALSE
2022JUL101007s11042021116082,Epileptic seizure detection using convolutional neural networks and recurrence plots of EEG signals,JUL,2022,JUN,2023,Sriya Ravi,Shreenidhi S,A. Shahina,A. Nayeemulla Khan,NULL,NULL,NULL,article,Journal,Multimedia Tools and Applications,Springer Science and Business Media LLC,2022,1,81,6585-6598,Web of Sciences,Q1,6,10.1007/s11042-021-11608-2,NULL,http://dx.doi.org/10.1007/s11042-021-11608-2,1380-7501 1573-7721,FALSE,FALSE
2022JUL101007s11042022129821,Optimum anamorphic image generation using image rotation and relative entropy,JUL,2022,JUN,2023,L. K. Pavithra,R. Srinivasan,T. Sree Sharmila,NULL,NULL,NULL,NULL,article,Journal,Multimedia Tools and Applications,Springer Science and Business Media LLC,2022,4,81,38971-39001,Web of Sciences,Q1,0,10.1007/s11042-022-12982-1,NULL,http://dx.doi.org/10.1007/s11042-022-12982-1,1380-7501 1573-7721,FALSE,FALSE
2022JUL101007s11042022138473,Classification of skin cancer from dermoscopic images using deep neural network architectures,JUL,2022,JUN,2023,Jaisakthi S M,Mirunalini P,Chandrabose Aravindan,Rajagopal Appavu,NULL,NULL,NULL,article,Journal,Multimedia Tools and Applications,Springer Science and Business Media LLC,2022,10,82,15763-15778,Web of Sciences,Q1,20,10.1007/s11042-022-13847-3,NULL,http://dx.doi.org/10.1007/s11042-022-13847-3,1380-7501 1573-7721,FALSE,FALSE
2022JUL101007s1127602002504y,An adaboost-modified classifier using particle swarm optimization and stochastic diffusion search in wireless IoT networks,JUL,2022,JUN,2023,E. Suganya,C. Rajan,None,None,NULL,NULL,NULL,article,Journal,Wireless Networks,Springer Science and Business Media LLC,2020,11,27,2287-2299,Web of Sciences,Q2,9,10.1007/s11276-020-02504-y,NULL,http://dx.doi.org/10.1007/s11276-020-02504-y,1022-0038 1572-8196,FALSE,FALSE
2022JUL101007s12652022044883,Optimizing high-utility item mining using hybrid dolphin echolocation and Boolean grey wolf optimization,JUL,2022,JUN,2023,N. Pazhaniraja,S. Sountharrajan,E. Suganya,M. Karthiga,NULL,NULL,NULL,article,Journal,Journal of Ambient Intelligence and Humanized Computing,Springer Science and Business Media LLC,2022,12,14,2327-2339,Scopus,Q1,3,10.1007/s12652-022-04488-3,NULL,http://dx.doi.org/10.1007/s12652-022-04488-3,1868-5137 1868-5145,FALSE,FALSE
2022JUL101016jmatpr202203537,A new multi-stream approach using acoustic and visual features for robust speech recognition system,JUL,2022,JUN,2023,N. Radha,A. Shahina,A. Nayeemulla Khan,Jansi Rani Sella Velusami,NULL,NULL,NULL,article,Journal,Materials Today: Proceedings,Elsevier BV,2022,NULL,62,4916-4924,Scopus,NULL,0,10.1016/j.matpr.2022.03.537,NULL,http://dx.doi.org/10.1016/j.matpr.2022.03.537,2214-7853,FALSE,FALSE
2022JUL101016jmatpr202204996,A multimodal Lombard speech recognition system for the confusable Hindi syllabic units,JUL,2022,JUN,2023,S. Uma Maheswari,N. Radha,A. Shahina,"P. Prabha, B.T. Preethi Sri, A. Nayeemulla Khan",NULL,NULL,NULL,article,Journal,Materials Today: Proceedings,Elsevier BV,2022,NULL,62,5034-5041,Scopus,NULL,0,10.1016/j.matpr.2022.04.996,NULL,http://dx.doi.org/10.1016/j.matpr.2022.04.996,2214-7853,FALSE,FALSE
2022JUL1010800005114420232218164,Assessment and classification of grid stability with cost-sensitive stacked ensemble classifier,JUL,2022,JUN,2023,Karthikeyan Ramasamy,Arivoli Sundaramurthy,Durgadevi Velusamy,None,NULL,NULL,NULL,article,Journal,Automatika,Informa UK Limited,2023,6,64,783-797,Web of Sciences,NULL,0,10.1080/00051144.2023.2218164,NULL,http://dx.doi.org/10.1080/00051144.2023.2218164,0005-1144 1848-3380,FALSE,FALSE
2022JUL1010800377206320222101552,Clinical Decision Support System for Ophthalmologists for Eye Disease Classification,JUL,2015,JUN,2016,V. Sivamurugan,P. Indumathi,V. Thanikachalam,R. Rajakumar,NULL,NULL,NULL,article,Journal,IETE Journal of Research,Informa UK Limited,2022,8,0,Jan-18,Web of Sciences,NULL,1,10.1080/03772063.2022.2101552,NULL,http://dx.doi.org/10.1080/03772063.2022.2101552,0377-2063 0974-780X,FALSE,FALSE
2022JUL1010801751347220232185055,Scalable Hridaya kolam and Aishwarya kolam,JUL,2022,JUN,2023,R. Srinivasan,None,None,None,NULL,NULL,NULL,article,Journal,Journal of Mathematics and the Arts,Informa UK Limited,2023,3,17,277-292,Web of Sciences,NULL,1,10.1080/17513472.2023.2185055,NULL,http://dx.doi.org/10.1080/17513472.2023.2185055,1751-3472 1751-3480,FALSE,FALSE
2022JUL10108814024896ac9dcd,Impact of process-induced ellipticity on the RESET process of cylindrical phase change memory devices,JUL,2022,JUN,2023,Suresh Durai,K C Chandini Devi,Srinivasan Raj,Anbarasu Manivannan,NULL,NULL,NULL,article,Journal,Physica Scripta,IOP Publishing,2022,11,97,125005,Web of Sciences,NULL,0,10.1088/1402-4896/ac9dcd,NULL,http://dx.doi.org/10.1088/1402-4896/ac9dcd,0031-8949 1402-4896,FALSE,FALSE
2022JUL101093comjnlbxaa027,'Will I Regret for This Tweet?'--Twitter User's Behavior Analysis System for Private Data Disclosure,JUL,2022,JUN,2023,R Geetha,S Karthika,Ponnurangam Kumaraguru,None,NULL,NULL,NULL,article,Journal,The Computer Journal,Oxford University Press (OUP),2020,5,65,275-296,Web of Sciences,NULL,6,10.1093/comjnl/bxaa027,NULL,http://dx.doi.org/10.1093/comjnl/bxaa027,0010-4620 1460-2067,FALSE,FALSE
2022JUL101142s0218126622400084,Reconfigurable FET-Based Tunable Ring Oscillator and Its Single Event Effect Performance,JUL,2022,JUN,2023,G. Durga Jayakumar,Susanta Kumar Pal,R. Srinivasan,NULL,NULL,NULL,NULL,article,Journal,"Journal of Circuits, Systems and Computers",World Scientific Pub Co Pte Ltd,2022,11,31,NULL,Web of Sciences,Q3,1,10.1142/s0218126622400084,NULL,http://dx.doi.org/10.1142/s0218126622400084,0218-1266 1793-6454,FALSE,FALSE
2022JUL101142s0219455422501280,An Effective Crack Identification in Civil Infrastructure with IoT and Improved Convolutional Neural Network,JUL,2022,JUN,2023,S. Yoganand,S. Chithra,None,None,NULL,NULL,NULL,article,Journal,International Journal of Structural Stability and Dynamics,World Scientific Pub Co Pte Ltd,2022,4,22,NULL,Web of Sciences,NULL,0,10.1142/s0219455422501280,NULL,http://dx.doi.org/10.1142/s0219455422501280,0219-4554 1793-6764,FALSE,FALSE
2022JUL101201978100336834210,Multimodality dementia detection system using machine and deep learning,JUL,2022,JUN,2023,Shruti Srivatsan,Sumneet Kaur Bamrah,K. S. Gayathri,None,NULL,NULL,NULL,inbook,Book Chapter,Computational Intelligence Aided Systems for Healthcare Domain,CRC Press,2023,5,0,235-254,NULL,NULL,0,10.1201/9781003368342-10,NULL,http://dx.doi.org/10.1201/9781003368342-10,NULL,FALSE,FALSE
2022JUL1014429dsj7217207,A Distance Vector Hop and Differential Evolution based Interception Strategy for detecting Cross Border Infiltration in Underground Tunnel,JUL,2022,JUN,2023,S. Venkatesh,N. Bhalaji,None,None,NULL,NULL,NULL,article,Journal,Defence Science Journal,Defence Scientific Information and Documentation Centre,2022,7,72,392-401,Web of Sciences,NULL,0,10.14429/dsj.72.17207,NULL,http://dx.doi.org/10.14429/dsj.72.17207,0976-464X 0011-748X,FALSE,FALSE
2022JUL1014704NQ20222011NQ66314,Measuring the accuracy of Satellite Image Dataset using Fusion based Classification with Neural Networks,JUL,2022,JUN,2023,"Swathika, R","Radha, N",None,None,No,NULL,NULL,article,Journal,NeuroQuantology,NeuroQuantology,2022,9,20,3040-3051,NULL,NULL,0,10.14704/NQ.2022.20.11.NQ66314,NULL,https://www.proquest.com/openview/b3930831cd7a292046c55a44e938de9c/1?pq-origsite=gscholar&cbl=2035897, 1303-5150,FALSE,FALSE
2022JUL1014704nq2022208NQ44244,Neutrosophic Approach of Segmentation on Thermal Images - Case Study: Drowsy Driving Application,JUL,2022,JUN,2023,Sofia Jennifer J,Sree Sharmila T,None,None,NULL,NULL,NULL,article,Journal,NeuroQuantology,NeuroQuantology,2022,NULL,20,2217,Web of Sciences,NULL,0,10.14704/nq.2022.20.8.NQ44244,NULL,https://www.proquest.com/openview/3c6cb976311ef4cabe11d4cf24c4e887/1?pq-origsite=gscholar&cbl=2035897,13035150,FALSE,FALSE
2022JUL101504ijbet202210047886,A hybrid approach for analysis of brain lateralisation in autistic children using graph theory techniques and deep belief networks,JUL,2022,JUN,2023,Kavitha Anandan,Hualou Liang,Vidhusha Srinivasan,N. Udayakumar,NULL,NULL,NULL,article,Journal,International Journal of Biomedical Engineering and Technology,Inderscience Publishers,2022,NULL,39,40,NULL,NULL,0,10.1504/ijbet.2022.10047886,NULL,http://dx.doi.org/10.1504/ijbet.2022.10047886,1752-6418 1752-6426,FALSE,FALSE
2022JUL1024425aoa2022141655,An Efficient Edge Preserving Interpolation Method for Underwater Acoustic Image Resolution Enhancement,JUL,2022,JUN,2023,R. Priyadharsini,T. Sree Sharmila,None,None,NULL,NULL,NULL,article,Journal,Archives of Acoustics,Polish Academy of Sciences Chancellery,2023,7,0,NULL,NULL,NULL,0,10.24425/aoa.2022.141655,NULL,http://dx.doi.org/10.24425/aoa.2022.141655,0137-5075 2300-262X,FALSE,FALSE
2022JUL1032604csse2023024441,Design of Hierarchical Classifier to Improve Speech Emotion Recognition,JUL,2022,JUN,2023,P. Vasuki,Aravindan C,None,none,NULL,NULL,NULL,article,Journal,Computer Systems Science and Engineering,"Computers, Materials and Continua (Tech Science Press)",2023,NULL,44,19-33,Web of Sciences,Q3,1,10.32604/csse.2023.024441,NULL,http://dx.doi.org/10.32604/csse.2023.024441,0267-6192,FALSE,FALSE
2022JUL1032604csse2023025195,Histogram Matched Chest X-Rays Based Tuberculosis Detection Using CNN,JUL,2022,JUN,2023,Joe Louis Paul Ignatius,Sasirekha Selvakumar,Kavin Gabriel Joe Louis Paul,"Aadhithya B. Kailash, S. Keertivaas, S. A. J. Akarvin Raja Prajan",NULL,NULL,NULL,article,Journal,Computer Systems Science and Engineering,"Computers, Materials and Continua (Tech Science Press)",2023,NULL,44,81-97,Web of Sciences,Q3,3,10.32604/csse.2023.025195,NULL,http://dx.doi.org/10.32604/csse.2023.025195,0267-6192,FALSE,FALSE
2022JUL1032604csse2023026527,Diabetic Retinopathy Diagnosis Using Interval Neutrosophic Segmentation with Deep Learning Model,JUL,2022,JUN,2023,V. Thanikachalam,M. G. Kavitha,V. Sivamurugan,None,NULL,NULL,NULL,article,Journal,Computer Systems Science and Engineering,"Computers, Materials and Continua (Tech Science Press)",2023,3,44,2129-2145,Web of Sciences,Q3,2,10.32604/csse.2023.026527,NULL,http://dx.doi.org/10.32604/csse.2023.026527,0267-6192,FALSE,FALSE
2022JUL1032604csse2023028136,Efficient Authentication System Using Wavelet Embeddings of Otoacoustic Emission Signals,JUL,2022,JUN,2023,V. Harshini,T. Dhanwin,A. Shahina,"N. Safiyyah, A. Nayeemulla Khan",NULL,NULL,NULL,article,Journal,Computer Systems Science and Engineering,"Computers, Materials and Continua (Tech Science Press)",2023,NULL,45,1851-1867,Web of Sciences,Q3,1,10.32604/csse.2023.028136,NULL,http://dx.doi.org/10.32604/csse.2023.028136,0267-6192,FALSE,FALSE
2022JUL1032604iasc2022024173,Enhanced Distributed Storage System Using Lower Triangular Matrix-Luby Transform Codes,JUL,2022,JUN,2023,Joe Louis Paul Ignatius,Sasirekha Selvakumar,None,None,NULL,NULL,NULL,article,Journal,Intelligent Automation &amp;amp; Soft Computing,"Computers, Materials and Continua (Tech Science Press)",2022,NULL,33,1941-1959,Web of Sciences,NULL,0,10.32604/iasc.2022.024173,NULL,http://dx.doi.org/10.32604/iasc.2022.024173,1079-8587,FALSE,FALSE
2022JUL1033436v32i4y202208,Blockchain based system for transfer of funds through an e-Governance application,JUL,2022,JUN,2023,Jansi Rani SELLA VELUSWAMI,Yamini LAKSHMI NARSIMHAN,Shivaani KRISHNAKUMAR,Radha NATARAJAN,NULL,NULL,NULL,article,Journal,Revista Romana de Informatica si Automatica,ICI Bucharest,2022,12,32,93-102,Web of Sciences,NULL,0,10.33436/v32i4y202208,NULL,http://dx.doi.org/10.33436/v32i4y202208,1220-1758 1841-4303,FALSE,FALSE
2022JUL103837tiis202212005,RDNN: Rumor Detection Neural Network for Veracity Analysis in Social Media Text,JUL,2022,JUN,2023,SuthanthiraDevi P,Karthika S,None,None,NULL,NULL,NULL,article,Journal,KSII Transactions on Internet and Information Systems,Korean Society for Internet Information (KSII),2022,12,16,NULL,Web of Sciences,NULL,0,10.3837/tiis.2022.12.005,NULL,http://dx.doi.org/10.3837/tiis.2022.12.005,1976-7277,FALSE,FALSE
2022JUL104018IJeC30403,A Hybrid PSO-ACO Algorithm to Facilitate Software Project Scheduling,JUL,2022,JUN,2023,Praveen Joe I. R.,Malathy E. M.,Aishwarya S.,"Akila R., Akshaya A",NULL,NULL,NULL,article,Journal,International Journal of e-Collaboration (IJeC),IGI Global,2022,NULL,18,01-Dec,NULL,NULL,0,10.4018/IJeC.30403,NULL,https://www.igi-global.com/article/a-hybrid-pso-aco-algorithm-to-facilitate-software-project-scheduling/304039,15483681,FALSE,FALSE
2022JUL1047750pnr20221304006,Alzheimer's Dementia: Diagnosis and Prognosis using Neuro-Imaging Analysis,JUL,2022,JUN,2023,Sountharrajan S,Karthiga M,Suganya E,Rajan,NULL,NULL,NULL,article,Journal,Journal of Pharmaceutical Negative Results,Siree Journals,2022,1,13,Jan-18,Scopus,NULL,0,10.47750/pnr.2022.13.04.006,NULL,http://dx.doi.org/10.47750/pnr.2022.13.04.006,NULL,FALSE,FALSE
2022JUL1047750pnr20221304009,Identification and Diagnosis of Breast Cancer using a Composite Machine Learning Techniques,JUL,2022,JUN,2023,Prabu Kanna,Abinash M J,Suganya E S,"Sountharrajan S, Bhuvaneswari R, K Geetha",NULL,NULL,NULL,article,Journal,Journal of Pharmaceutical Negative Results,Siree Journals,2022,1,13,NULL,Scopus,NULL,0,10.47750/pnr.2022.13.04.009,NULL,http://dx.doi.org/10.47750/pnr.2022.13.04.009,NULL,FALSE,FALSE
2022JUL1048047intjecseV14I8401,Cow Disease (LSD) Classification System for predicting different Severity levels.,JUL,2022,JUN,2023,V.Sivamurugan,K.R. Uthayan,V. Thanikachalam,None,No,NULL,NULL,article,Journal,INT-JECSE,International Journal of Early Childhood Special Education,2022,NULL,14,2860-2873,Scopus,NULL,0,10.48047/intjecse/V14I8.401,NULL,https://www.int-jecse.net/article/Cow+Disease+%2528LSD%2529+Classification+System+for+predicting+different+Severity+levels._5994/,1308-5581,FALSE,FALSE
2022JUL105755j01itc51129467,Data Analytics and Reporting API - A Reliable Tool for Data Visualization and Predictive Analysis,JUL,2022,JUN,2023,Joe Louis Paul Ignatius,Sasirekha Selvakumar,Spandana JSN,Subasri Govindarajan,NULL,NULL,NULL,article,Journal,Information Technology and Control,Kaunas University of Technology (KTU),2022,3,51,59-77,Web of Sciences,NULL,1,10.5755/j01.itc.51.1.29467,NULL,http://dx.doi.org/10.5755/j01.itc.51.1.29467,2335-884X 1392-124X,FALSE,FALSE
2022JUL105755j01itc52131520,A Neutrosophic Set  Approach on Chest  X-rays for Automatic Lung  Infection Detection,JUL,2022,JUN,2023,J. Sofia Jennifer,T. Sree Sharmila,None,None,NULL,NULL,NULL,article,Journal,Information Technology and Control,Kaunas University of Technology (KTU),2023,3,52,37-52,Web of Sciences,NULL,8,10.5755/j01.itc.52.1.31520,NULL,http://dx.doi.org/10.5755/j01.itc.52.1.31520,2335-884X 1392-124X,FALSE,FALSE
2022JUL109734bpirhllev619261d,Hierarchical Text Summarization Using Semantic Similarity,JUL,2022,JUN,2023,S. Divya,N. Sripriya,None,None,NULL,NULL,NULL,inbook,Book Chapter,"Research Highlights in Language, Literature and Education Vol. 6",B P International (a part of SCIENCEDOMAIN International),2023,6,6,01-Dec,NULL,NULL,0,10.9734/bpi/rhlle/v6/19261d,NULL,http://dx.doi.org/10.9734/bpi/rhlle/v6/19261d,NULL,FALSE,FALSE
2023JUL101002cpe7769,Hybrid intelligent intrusion detection system for multiple Wi-Fi attacks in wireless networks using stacked restricted Boltzmann machine and deep belief networks,JUL,2023,JUN,2024,Nivaashini Mathappan,Suganya Elavarasan,Sountharrajan Sehar,None,NULL,NULL,NULL,article,Journal,Concurrency and Computation: Practice and Experience,Wiley,2023,5,35,NULL,Web of Sciences,NULL,0,10.1002/cpe.7769,NULL,http://dx.doi.org/10.1002/cpe.7769,1532-0626 1532-0634,FALSE,FALSE
2023JUL101007s11063023114003,Cascaded UNets with Modified Skip Connection for Breast Tumor Segmentation,JUL,2023,JUN,2024,S. Dhivya,S. Mohanavalli,K. B. Sundharakumar,I. Thamarai,NULL,NULL,NULL,article,Journal,Neural Processing Letters,Springer Science and Business Media LLC,2023,9,55,11863-11883,Web of Sciences,Q2,0,10.1007/s11063-023-11400-3,NULL,http://dx.doi.org/10.1007/s11063-023-11400-3,1370-4621 1573-773X,FALSE,FALSE
2023JUL101016jegyr202308005,AI-enabled metaheuristic optimization for predictive management of renewable energy production in smart grids,JUL,2023,JUN,2024,S Sankarananth, M Karthiga,E Suganya,"S Sountharrajan, Durga Prasad Bavirisetti",No,NULL,NULL,article,Journal,Energy Reports,Elsevier,2023,NULL,10,1299-1312,Web of Sciences,NULL,8,10.1016/j.egyr.2023.08.005,NULL,http://dx.doi.org/10.1016/j.egyr.2023.08.005,2352-4847,FALSE,FALSE
2023JUL101016jenergy2023129992,Categorization of Indian residential consumers electrical energy consumption pattern using clustering and classification techniques,JUL,2023,JUN,2024,Somasundaram Palaniappan,Sundararaju Karuppannan,Durgadevi Velusamy,None,NULL,NULL,NULL,article,Journal,Energy,Elsevier BV,2024,2,289,129992,Web of Sciences,NULL,0,10.1016/j.energy.2023.129992,NULL,http://dx.doi.org/10.1016/j.energy.2023.129992,0360-5442,FALSE,FALSE
2023JUL101016jmicrorel2023114930,Single event performance of FED based SRAMs using numerical simulation,JUL,2023,JUN,2024,Sasikala PanneerSelvam,Susanta Kumar Pal,Premanand Venkatesh Chandramani,Srinivasan Raj,NULL,NULL,NULL,article,Journal,Microelectronics Reliability,Elsevier BV,2023,3,142,114930,Web of Sciences,NULL,1,10.1016/j.microrel.2023.114930,NULL,http://dx.doi.org/10.1016/j.microrel.2023.114930,0026-2714,FALSE,FALSE
2023JUL1010800377206320232234854,Event-Based Epileptic Seizure Detection with Stacked Convolutional Restricted Boltzmann Machine,JUL,2023,JUN,2024,Visalini K.,Saravanan Alagarsamy,Nagarajan D.,None,NULL,NULL,NULL,article,Journal,IETE Journal of Research,Informa UK Limited,2023,7,0,01-Oct,Web of Sciences,NULL,0,10.1080/03772063.2023.2234854,NULL,http://dx.doi.org/10.1080/03772063.2023.2234854,0377-2063 0974-780X,FALSE,FALSE
2023JUL1011111460698412973,Cognitive decline assessment using semantic linguistic content and transformer deep learning architecture,JUL,2023,JUN,2024,Rini PL,Gayathri KS,None,None,NULL,NULL,NULL,article,Journal,International Journal of Language &amp;amp; Communication Disorders,Wiley,2023,11,0,NULL,Web of Sciences,NULL,0,10.1111/1460-6984.12973,NULL,http://dx.doi.org/10.1111/1460-6984.12973,1368-2822 1460-6984,FALSE,FALSE
2023JUL1030955gnj005139,Urban Environmental Flood Susceptibility Using a Multi-Layered Neural Network Model From Satellite Imagery Sources,JUL,2023,JUN,2024,Swathika R,Radha. N,Sasirekha. S.P,Dhanabal. S.,NULL,None,None,article,Journal,Global NEST: the international Journal,University of the Aegean,2023,8,0,None,Web of Sciences,None,0,10.30955/gnj.005139,NULL,http://dx.doi.org/10.30955/gnj.005139,1790-7632 2241-777X,FALSE,FALSE
2023JUL103233jifs222136,Automated carcinoma classification using efficient nuclei-based patch selection and deep learning techniques,JUL,2023,JUN,2024,S. Dhivya,S. Mohanavalli,S. Kavitha,None,NULL,NULL,NULL,article,Journal,Journal of Intelligent & Fuzzy Systems,IOS Press,2023,7,45,521-535,Web of Sciences,NULL,1,10.3233/jifs-222136,NULL,http://dx.doi.org/10.3233/jifs-222136,1064-1246 1875-8967,FALSE,FALSE
2023JUL103233jifs223980,Fake news detection using a deep learning transformer based encoder-decoder architecture,JUL,2023,JUN,2024,M. Badri Narayanan,Arun Kumar Ramesh,K.S. Gayathri,A. Shahina,NULL,NULL,NULL,article,Journal,Journal of Intelligent & Fuzzy Systems,IOS Press,2023,11,45,8001-8013,Web of Sciences,NULL,0,10.3233/jifs-223980,NULL,http://dx.doi.org/10.3233/jifs-223980,1064-1246 1875-8967,FALSE,FALSE
2023JUL1032604iasc2023024820,Hybrid Convolutional Neural Network for Plant Diseases Prediction,JUL,2023,JUN,2024,S. Poornima,N. Sripriya,Adel Fahad Alrasheedi,"S. S. Askar, Mohamed Abouhawwash",NULL,NULL,NULL,article,Journal,Journal of Intelligent & Fuzzy Systems,"Computers, Materials and Continua (Tech Science Press)",2023,NULL,36,2393-2409,Web of Sciences,NULL,0,10.32604/iasc.2023.024820,NULL,http://dx.doi.org/10.32604/iasc.2023.024820,1079-8587,FALSE,FALSE
